clip_name,context_word,clip_genre,TSNE1,TSNE2
80s_LOW_02,bar,80s,12.639307,-23.418385
Jaz_MED_07,videogame,Jazz,-38.950996,14.264824
80s_MED_08,videogame,80s,11.123908,-16.522566
Met_LOW_09,concert,Metal,14.018874,10.597783
Met_MED_20,videogame,Metal,-41.94438,12.303104
80s_LOW_06,concert,80s,-41.105614,13.422626
Ele_MED_20,concert,Electronic,27.400753,-22.91253
Ele_LOW_14,bar,Electronic,19.406656,-7.696843
Jaz_LOW_21,movie,Jazz,19.153555,-6.4659853
Ele_LOW_09,videogame,Electronic,-12.847284,4.377004
Met_MED_19,bar,Metal,-7.255692,-6.1695714
Jaz_LOW_19,concert,Jazz,30.992329,36.583515
Ele_MED_19,movie,Electronic,13.452011,-24.367916
Jaz_MED_02,bar,Jazz,42.337887,-10.370766
Met_LOW_14,movie,Metal,-17.93322,11.173024
Jaz_MED_07,videogame,Jazz,-4.8325834,-40.092564
Ele_LOW_09,videogame,Electronic,-13.668607,-42.328392
Ele_MED_19,movie,Electronic,4.9994555,7.3108616
Met_LOW_09,concert,Metal,0.12240918,20.260952
Jaz_LOW_19,concert,Jazz,25.706032,33.369205
80s_LOW_06,concert,80s,-5.1941094,28.206726
Met_MED_19,bar,Metal,24.194763,16.663313
Met_MED_20,videogame,Metal,-18.264757,12.2949095
Ele_LOW_14,bar,Electronic,-27.870237,-36.26487
80s_LOW_02,bar,80s,35.362564,8.110884
Jaz_MED_02,bar,Jazz,33.408615,7.6297846
Jaz_LOW_21,movie,Jazz,39.58316,-2.6871872
80s_MED_13,movie,80s,-24.652554,16.285704
80s_LOW_02,bar,80s,-3.8707395,16.354782
Met_MED_20,videogame,Metal,-10.500822,-44.75654
80s_MED_13,movie,80s,-13.971836,-19.15827
80s_LOW_06,concert,80s,18.842867,-0.2851691
Ele_LOW_09,videogame,Electronic,-25.431602,-26.735048
Ele_LOW_14,bar,Electronic,28.55578,23.259254
Jaz_MED_07,videogame,Jazz,36.609978,27.221533
Jaz_LOW_19,concert,Jazz,10.877171,23.260368
Ele_MED_19,movie,Electronic,16.85144,5.425223
Jaz_MED_02,bar,Jazz,23.743048,-21.35961
Ele_MED_20,concert,Electronic,-24.502167,-26.500296
Met_LOW_09,concert,Metal,24.399265,-0.32225376
80s_MED_08,videogame,80s,-10.013386,0.8449444
Jaz_LOW_21,movie,Jazz,-16.41167,-14.455296
Met_LOW_14,movie,Metal,-44.58699,-1.4098526
Jaz_LOW_19,concert,Jazz,-26.240112,-19.064276
Ele_LOW_09,videogame,Electronic,25.14735,23.097359
Jaz_MED_07,videogame,Jazz,30.15734,11.68879
80s_LOW_02,bar,80s,8.764121,-29.296417
Met_MED_19,bar,Metal,-46.756416,4.961427
Ele_MED_20,concert,Electronic,-14.223642,3.2149236
Met_LOW_14,movie,Metal,-38.603973,-20.353401
Ele_LOW_14,bar,Electronic,-37.450836,-3.6166906
80s_MED_08,videogame,80s,-19.416237,-12.37415
Met_LOW_14,movie,Metal,-51.0355,-13.792504
80s_MED_13,movie,80s,-3.270482,44.091095
80s_MED_08,videogame,80s,-15.651442,-16.137585
80s_LOW_06,concert,80s,-29.745096,-7.4571133
Ele_MED_19,movie,Electronic,-17.513426,-30.46716
Jaz_LOW_21,movie,Jazz,-7.959061,-30.808975
80s_LOW_02,bar,80s,27.035671,-31.332926
Jaz_MED_07,videogame,Jazz,10.123885,-25.732489
Met_MED_19,bar,Metal,-19.823639,26.924725
Ele_LOW_14,bar,Electronic,-38.284294,-21.01859
Jaz_MED_02,bar,Jazz,-18.949224,-5.341258
Ele_MED_20,concert,Electronic,-24.144903,-30.396906
Met_LOW_09,concert,Metal,10.168611,-9.602352
Jaz_LOW_19,concert,Jazz,-35.564774,-33.349358
Met_MED_20,videogame,Metal,-33.681248,-1.8754123
Ele_LOW_09,videogame,Electronic,21.923332,-24.705406
Met_LOW_14,movie,Metal,-1.0528611,11.36942
Jaz_MED_02,bar,Jazz,3.9395628,-12.122498
Jaz_MED_07,videogame,Jazz,31.302343,-21.164877
Met_MED_19,bar,Metal,-13.927617,25.692312
Jaz_LOW_19,concert,Jazz,0.3594233,7.0056357
Met_LOW_09,concert,Metal,-35.02587,5.369076
Jaz_LOW_21,movie,Jazz,-17.505573,17.629774
Met_MED_20,videogame,Metal,-50.49147,3.8876376
Ele_LOW_09,videogame,Electronic,-36.786163,-1.6734586
80s_LOW_02,bar,80s,7.4113016,-16.231379
80s_LOW_06,concert,80s,-11.536282,-11.655545
80s_MED_13,movie,80s,-0.9704636,7.8867383
Ele_MED_19,movie,Electronic,4.637981,-8.680741
Ele_LOW_14,bar,Electronic,-14.663213,10.881453
80s_MED_08,videogame,80s,4.4817586,-11.981143
Ele_MED_20,concert,Electronic,-32.37289,11.952439
80s_MED_08,videogame,80s,-23.57865,11.629764
Ele_MED_19,movie,Electronic,-17.77045,19.527376
80s_LOW_02,bar,80s,3.632149,24.503107
Ele_LOW_14,bar,Electronic,43.38482,24.6944
Jaz_LOW_19,concert,Jazz,14.769227,31.268501
Met_LOW_09,concert,Metal,1.0639086,18.399883
80s_MED_13,movie,80s,24.25869,41.094913
Met_MED_20,videogame,Metal,-15.876933,-48.305794
80s_LOW_06,concert,80s,24.430649,12.989316
Met_MED_19,bar,Metal,41.80691,26.864117
Met_LOW_14,movie,Metal,-38.617123,4.9373703
Jaz_LOW_21,movie,Jazz,-19.495184,-19.311165
Jaz_MED_02,bar,Jazz,43.734795,19.647541
Ele_LOW_09,videogame,Electronic,0.96044874,-38.7719
Jaz_MED_07,videogame,Jazz,25.696321,41.42495
80s_MED_13,movie,80s,-7.5716033,38.19751
Ele_LOW_09,videogame,Electronic,-30.349506,23.460928
Jaz_LOW_21,movie,Jazz,-14.096105,31.37755
Ele_MED_19,movie,Electronic,19.553043,-24.576412
Jaz_LOW_19,concert,Jazz,-8.29637,-14.910437
80s_LOW_06,concert,80s,35.899284,26.340925
Met_LOW_14,movie,Metal,16.383764,-20.375576
Jaz_MED_02,bar,Jazz,50.919815,11.283853
Ele_LOW_14,bar,Electronic,15.975866,-20.765892
Jaz_MED_07,videogame,Jazz,43.27769,13.371636
Met_LOW_09,concert,Metal,-26.035183,5.5630836
80s_LOW_02,bar,80s,16.31349,-12.970244
Met_MED_19,bar,Metal,38.551647,-5.933681
80s_MED_08,videogame,80s,-34.976036,9.890227
Met_MED_20,videogame,Metal,-31.23848,-26.692497
Ele_MED_20,concert,Electronic,29.861776,-23.529072
Ele_LOW_14,bar,Electronic,7.4591136,-15.257153
80s_MED_13,movie,80s,8.237303,-16.849794
Met_LOW_09,concert,Metal,-11.841883,23.681551
Jaz_LOW_19,concert,Jazz,-11.8495455,23.679087
Ele_LOW_09,videogame,Electronic,14.030618,-34.355473
Met_LOW_14,movie,Metal,-12.027383,23.477085
Jaz_MED_07,videogame,Jazz,46.42396,7.2094646
80s_MED_08,videogame,80s,12.2599745,-33.689
Met_MED_19,bar,Metal,-1.7395564,9.593491
Jaz_LOW_21,movie,Jazz,-8.907737,-5.6246676
80s_LOW_02,bar,80s,-2.2243786,7.636161
80s_LOW_06,concert,80s,-14.144068,-42.368557
Ele_MED_19,movie,Electronic,-8.06049,-6.1103187
Jaz_MED_02,bar,Jazz,7.007448,-31.103592
80s_MED_08,videogame,80s,15.748078,-34.226936
Jaz_LOW_21,movie,Jazz,35.311638,-17.750172
80s_LOW_02,bar,80s,37.60497,-17.318571
Jaz_MED_02,bar,Jazz,46.99423,7.145599
Ele_LOW_09,videogame,Electronic,-31.130846,26.635254
Ele_MED_20,concert,Electronic,-12.493642,6.987137
Met_MED_20,videogame,Metal,9.425783,20.750257
80s_MED_13,movie,80s,15.671528,-0.4195811
Ele_MED_19,movie,Electronic,19.88489,-8.265538
Met_LOW_14,movie,Metal,-31.05679,26.277868
Met_LOW_09,concert,Metal,9.367831,20.486677
80s_LOW_06,concert,80s,45.798847,12.3147745
Jaz_MED_07,videogame,Jazz,-2.6140342,45.08752
Ele_LOW_14,bar,Electronic,34.625134,33.13241
Jaz_LOW_19,concert,Jazz,-23.42095,-17.24739
Met_LOW_09,concert,Metal,8.657043,-2.2316396
Ele_MED_19,movie,Electronic,7.1320233,-8.68455
80s_LOW_06,concert,80s,31.632679,37.848476
Met_MED_19,bar,Metal,33.420933,39.93537
80s_LOW_02,bar,80s,1.5011394,-5.237986
Jaz_MED_07,videogame,Jazz,-12.649937,-36.784454
Met_LOW_14,movie,Metal,-48.344265,-4.4216914
Jaz_MED_07,videogame,Jazz,51.892784,-2.6834457
Met_MED_20,videogame,Metal,36.038795,-22.896774
Ele_LOW_09,videogame,Electronic,-13.488456,0.28050148
80s_MED_08,videogame,80s,30.49354,-14.55762
80s_MED_13,movie,80s,23.194551,-19.77011
Met_MED_19,bar,Metal,41.802837,-10.389488
Met_LOW_14,movie,Metal,14.527473,-15.671111
80s_LOW_02,bar,80s,20.056927,-13.565834
80s_LOW_06,concert,80s,4.409001,24.61517
Jaz_LOW_21,movie,Jazz,-22.445108,14.700515
Jaz_MED_02,bar,Jazz,22.63122,-19.461143
Met_LOW_09,concert,Metal,10.242998,11.927784
Jaz_LOW_19,concert,Jazz,22.747057,-28.065077
Jaz_MED_02,bar,Jazz,5.9792814,-17.612938
Ele_LOW_09,videogame,Electronic,3.9285383,-18.424047
80s_LOW_02,bar,80s,5.979265,-17.612898
Ele_LOW_14,bar,Electronic,4.733674,-19.336739
Ele_MED_19,movie,Electronic,3.9285383,-18.424047
Met_MED_19,bar,Metal,3.9285383,-18.424047
Met_MED_20,videogame,Metal,2.8064377,-39.385235
80s_LOW_06,concert,80s,3.4476252,-16.872595
80s_MED_08,videogame,80s,4.034269,-18.333347
Met_LOW_09,concert,Metal,1.6613663,-17.346985
Met_LOW_14,movie,Metal,1.6613824,-17.347029
Jaz_MED_07,videogame,Jazz,6.863375,-17.111534
Jaz_LOW_19,concert,Jazz,1.5621033,-17.670761
Jaz_LOW_21,movie,Jazz,4.317734,-16.310213
Jaz_LOW_19,concert,Jazz,-6.4814124,-11.011324
Met_MED_19,bar,Metal,11.555662,-36.71984
Met_LOW_09,concert,Metal,-17.442287,9.695393
Jaz_LOW_21,movie,Jazz,-10.2212105,-24.265406
Met_LOW_14,movie,Metal,-31.049961,17.024134
80s_LOW_06,concert,80s,-16.166153,-9.7279825
80s_MED_13,movie,80s,-18.930885,3.3980677
Jaz_MED_07,videogame,Jazz,-17.027748,5.3319235
Ele_MED_19,movie,Electronic,7.44569,-22.152351
Ele_LOW_14,bar,Electronic,-30.387526,-36.211246
80s_MED_08,videogame,80s,23.30788,43.47858
80s_LOW_02,bar,80s,34.185196,12.115216
Ele_MED_20,concert,Electronic,12.587468,-1.7168556
Jaz_MED_02,bar,Jazz,-39.934452,-16.479568
Met_MED_20,videogame,Metal,-19.419706,4.358563
Ele_LOW_14,bar,Electronic,31.879827,29.218079
Jaz_MED_07,videogame,Jazz,26.416042,10.065193
80s_MED_08,videogame,80s,23.757853,10.33647
Met_MED_19,bar,Metal,-30.611612,18.091608
80s_LOW_02,bar,80s,28.051197,9.779716
Met_MED_20,videogame,Metal,-30.506569,18.332098
Ele_MED_19,movie,Electronic,7.8341303,0.94742125
80s_LOW_06,concert,80s,-24.011656,16.553167
Jaz_LOW_21,movie,Jazz,-13.731872,-23.386068
80s_MED_13,movie,80s,10.127562,-0.7385104
Jaz_LOW_19,concert,Jazz,26.142082,11.046943
Jaz_MED_02,bar,Jazz,26.030733,10.349685
Met_LOW_09,concert,Metal,-30.722118,17.714907
Ele_LOW_14,bar,Electronic,-6.964031,-11.607573
Met_LOW_14,movie,Metal,-52.780735,-9.758393
Jaz_MED_07,videogame,Jazz,44.711025,8.377838
Met_LOW_09,concert,Metal,-26.314985,32.575905
Jaz_LOW_21,movie,Jazz,-13.2948,-11.80096
80s_MED_13,movie,80s,-5.5532556,42.662006
80s_LOW_02,bar,80s,12.011952,-26.609615
Jaz_MED_02,bar,Jazz,45.346966,-0.8634159
Jaz_MED_07,videogame,Jazz,46.818768,2.3140464
Met_LOW_09,concert,Metal,2.3352752,2.5081728
Ele_MED_20,concert,Electronic,10.8575535,-44.87096
80s_MED_13,movie,80s,-41.35771,-7.204304
80s_LOW_06,concert,80s,5.5687485,14.786688
Jaz_MED_02,bar,Jazz,38.137146,9.285959
Jaz_LOW_21,movie,Jazz,-19.11959,-19.48208
Ele_MED_19,movie,Electronic,-17.568604,0.10399341
80s_LOW_02,bar,80s,-44.92666,-24.327095
Ele_LOW_09,videogame,Electronic,-41.614998,-10.535228
Ele_LOW_14,bar,Electronic,-22.395603,-33.11427
Jaz_LOW_19,concert,Jazz,11.265842,-13.18837
Met_MED_19,bar,Metal,-29.900183,-15.765945
Met_LOW_14,movie,Metal,-28.38138,-11.168649
Met_MED_20,videogame,Metal,-30.573534,-16.078058
Jaz_LOW_19,concert,Jazz,27.662537,34.7592
Ele_MED_19,movie,Electronic,4.9384036,-42.517128
80s_LOW_02,bar,80s,-0.53149873,44.714317
80s_MED_13,movie,80s,9.485658,-38.367638
Met_LOW_09,concert,Metal,7.5658383,26.258207
80s_MED_08,videogame,80s,2.331719,-28.73547
Ele_LOW_14,bar,Electronic,27.908731,22.820503
Jaz_MED_07,videogame,Jazz,28.951359,-7.853791
Met_MED_19,bar,Metal,-49.616055,6.4327126
Jaz_MED_02,bar,Jazz,10.719433,22.474754
Ele_MED_20,concert,Electronic,16.57265,-35.697674
80s_LOW_06,concert,80s,29.39663,39.53102
80s_MED_08,videogame,80s,3.3414667,-30.037985
80s_MED_13,movie,80s,26.56355,-2.7677622
80s_LOW_02,bar,80s,-4.210185,42.88496
Met_MED_20,videogame,Metal,-42.001472,19.357183
Ele_LOW_09,videogame,Electronic,-49.472416,-11.234365
Jaz_MED_02,bar,Jazz,36.16837,-12.707536
Ele_MED_19,movie,Electronic,23.133417,-12.113521
80s_LOW_06,concert,80s,39.930923,-2.9929838
Jaz_MED_07,videogame,Jazz,-25.933874,1.1075057
Met_LOW_14,movie,Metal,-46.44873,-13.000313
Jaz_LOW_21,movie,Jazz,51.63253,-0.36715838
Jaz_LOW_19,concert,Jazz,-3.2552385,-38.774395
Ele_LOW_14,bar,Electronic,-35.238766,-21.484976
Met_LOW_09,concert,Metal,22.29919,21.670803
Jaz_MED_02,bar,Jazz,22.315481,41.241642
80s_MED_13,movie,80s,32.09892,-6.636521
Met_LOW_14,movie,Metal,-49.657917,-5.900949
80s_LOW_02,bar,80s,13.9441185,-28.56261
Met_MED_19,bar,Metal,-15.450058,-43.928352
Jaz_LOW_19,concert,Jazz,-6.709517,23.366777
80s_MED_08,videogame,80s,38.137806,19.594503
Ele_MED_19,movie,Electronic,14.0189705,-23.432358
Ele_MED_20,concert,Electronic,15.927637,-38.64977
Ele_LOW_09,videogame,Electronic,-34.616398,-20.059883
Met_MED_20,videogame,Metal,32.619946,20.999914
Jaz_MED_07,videogame,Jazz,48.79934,10.175389
Ele_LOW_14,bar,Electronic,25.797718,24.270327
80s_LOW_06,concert,80s,-36.89844,18.963377
Ele_LOW_09,videogame,Electronic,-39.330097,-8.394348
Jaz_MED_02,bar,Jazz,34.6386,-16.938284
Jaz_LOW_19,concert,Jazz,27.517208,16.34811
Ele_MED_19,movie,Electronic,18.764189,-0.4572568
80s_LOW_02,bar,80s,34.937836,-16.092014
Met_MED_19,bar,Metal,-13.543938,-42.689465
Jaz_LOW_21,movie,Jazz,19.010199,-3.785225
Jaz_MED_07,videogame,Jazz,28.820002,-20.550024
Ele_LOW_14,bar,Electronic,-21.57412,33.245953
80s_MED_08,videogame,80s,-37.278297,-34.0086
80s_MED_13,movie,80s,23.688627,-26.60264
Jaz_LOW_21,movie,Jazz,25.22353,8.713955
Ele_MED_19,movie,Electronic,-22.202324,3.1281443
80s_MED_13,movie,80s,0.96852577,-5.127111
80s_LOW_02,bar,80s,25.68556,19.921852
Ele_LOW_14,bar,Electronic,25.439665,26.80854
80s_MED_08,videogame,80s,0.30646378,-38.962776
Jaz_LOW_19,concert,Jazz,25.685698,6.1902637
Ele_MED_20,concert,Electronic,5.27096,12.600218
Met_MED_19,bar,Metal,31.146004,14.430943
Met_LOW_09,concert,Metal,17.553223,12.950512
Ele_LOW_09,videogame,Electronic,-38.131607,-13.978689
80s_LOW_06,concert,80s,3.928437,-4.5379815
Jaz_MED_07,videogame,Jazz,23.067513,15.58099
Met_MED_20,videogame,Metal,-50.94982,5.7810073
Jaz_MED_02,bar,Jazz,43.387257,0.8601608
Ele_MED_20,concert,Electronic,14.487648,-13.366605
Ele_MED_19,movie,Electronic,-0.8075784,-35.68973
Jaz_MED_07,videogame,Jazz,-15.008485,18.183336
Ele_LOW_14,bar,Electronic,41.496582,21.458231
Met_MED_19,bar,Metal,42.83967,19.640284
80s_LOW_06,concert,80s,-16.297615,16.014616
Jaz_LOW_19,concert,Jazz,36.9119,23.016298
Met_LOW_09,concert,Metal,36.81742,23.23828
Jaz_MED_02,bar,Jazz,-11.612071,14.824816
Jaz_LOW_21,movie,Jazz,-11.57991,12.773869
Ele_MED_20,concert,Electronic,13.808131,22.545202
Ele_LOW_09,videogame,Electronic,19.499924,-12.942113
Jaz_MED_02,bar,Jazz,16.880917,-9.855354
Met_MED_20,videogame,Metal,-1.7060524,-35.60258
Jaz_MED_07,videogame,Jazz,27.72742,-22.6542
Jaz_LOW_21,movie,Jazz,19.051018,-12.346021
80s_LOW_02,bar,80s,16.993847,-10.069393
Ele_LOW_14,bar,Electronic,28.691368,22.04146
Jaz_LOW_19,concert,Jazz,-20.037024,-42.613052
80s_LOW_06,concert,80s,32.106434,26.76738
80s_MED_13,movie,80s,25.229218,-8.899157
Ele_MED_19,movie,Electronic,36.415924,29.591036
Met_LOW_14,movie,Metal,-43.763985,-1.851506
Met_LOW_09,concert,Metal,26.01496,17.231945
80s_MED_08,videogame,80s,-14.250302,-37.751904
80s_LOW_06,concert,80s,32.214184,7.9437437
Ele_MED_19,movie,Electronic,13.7994995,-29.999014
80s_MED_13,movie,80s,-22.677507,-7.407605
80s_LOW_02,bar,80s,38.82803,-0.29607716
Met_LOW_14,movie,Metal,-36.96628,-16.230415
Ele_LOW_09,videogame,Electronic,8.722624,-36.773666
Met_MED_19,bar,Metal,39.284092,-4.9693494
Met_MED_20,videogame,Metal,-26.666302,-18.532593
Jaz_MED_02,bar,Jazz,9.373717,29.47694
Met_LOW_09,concert,Metal,24.641096,19.80638
Ele_LOW_14,bar,Electronic,-44.765907,-18.728241
Jaz_LOW_19,concert,Jazz,41.27971,-2.297138
Met_MED_20,videogame,Metal,-19.561428,-39.716484
Ele_MED_19,movie,Electronic,-32.444897,12.986177
Ele_MED_20,concert,Electronic,-10.214793,35.437645
Ele_LOW_09,videogame,Electronic,-51.632637,-13.323322
80s_MED_08,videogame,80s,39.38806,19.763988
Met_MED_19,bar,Metal,-50.832935,-12.473306
Met_LOW_09,concert,Metal,-53.036274,-6.0711102
80s_LOW_06,concert,80s,30.485619,25.036581
Jaz_LOW_21,movie,Jazz,-5.171046,-28.337952
80s_LOW_02,bar,80s,-9.684414,34.950256
Ele_LOW_14,bar,Electronic,-46.28046,-12.624541
Jaz_MED_02,bar,Jazz,20.909916,41.906998
Jaz_MED_07,videogame,Jazz,48.399162,7.578228
Jaz_LOW_19,concert,Jazz,30.582552,24.992083
80s_MED_13,movie,80s,-2.5011454,44.34826
80s_LOW_06,concert,80s,19.055502,35.943005
Jaz_MED_07,videogame,Jazz,17.364832,35.732822
Ele_MED_19,movie,Electronic,-34.64808,17.253838
Jaz_MED_02,bar,Jazz,3.9469857,25.408377
Ele_LOW_14,bar,Electronic,20.213808,32.644276
Ele_MED_20,concert,Electronic,-19.541435,21.923176
Met_LOW_09,concert,Metal,16.602655,26.773464
80s_LOW_02,bar,80s,-33.55209,-19.633223
Jaz_LOW_19,concert,Jazz,-18.397442,14.403618
80s_MED_08,videogame,80s,22.929228,-37.431355
Ele_LOW_09,videogame,Electronic,-52.74851,-9.500277
Met_MED_19,bar,Metal,-29.53148,-38.34582
Jaz_LOW_21,movie,Jazz,-7.772932,10.965386
80s_LOW_06,concert,80s,-37.862133,23.562452
80s_MED_08,videogame,80s,-34.582676,-32.715363
Met_LOW_14,movie,Metal,-48.463596,-11.655968
Ele_LOW_09,videogame,Electronic,-37.83318,-16.396088
Met_LOW_09,concert,Metal,11.798589,18.71784
80s_MED_13,movie,80s,9.835319,-34.05718
80s_MED_08,videogame,80s,27.889124,40.529243
Jaz_LOW_21,movie,Jazz,-3.1889987,2.32275
80s_MED_13,movie,80s,-10.051283,-24.235016
80s_LOW_06,concert,80s,-17.066395,-10.862301
Ele_LOW_09,videogame,Electronic,26.271255,22.346947
Met_MED_20,videogame,Metal,-1.2022212,19.032562
Ele_MED_20,concert,Electronic,-15.478647,7.7586355
Jaz_MED_07,videogame,Jazz,39.34577,-15.25523
Jaz_LOW_19,concert,Jazz,-8.043612,11.022389
Met_MED_19,bar,Metal,-0.32552943,18.4451
Jaz_LOW_21,movie,Jazz,-18.201668,28.160223
Met_LOW_09,concert,Metal,-22.584072,5.950818
Met_MED_19,bar,Metal,16.292362,-2.5222335
Met_MED_20,videogame,Metal,-14.874459,-45.69649
Jaz_MED_02,bar,Jazz,42.37153,19.500854
80s_LOW_02,bar,80s,-2.866813,34.79457
80s_LOW_06,concert,80s,22.820463,35.918835
80s_MED_08,videogame,80s,20.205128,10.773754
Ele_MED_19,movie,Electronic,25.660688,43.066162
Jaz_LOW_19,concert,Jazz,18.476475,33.379406
Ele_LOW_09,videogame,Electronic,43.974392,20.812643
Ele_MED_20,concert,Electronic,25.952847,-18.681263
80s_MED_13,movie,80s,5.366375,-30.185385
Ele_LOW_14,bar,Electronic,36.50731,31.45246
Met_MED_19,bar,Metal,17.522106,-18.698513
Met_LOW_09,concert,Metal,-3.6796515,-5.605197
Met_LOW_14,movie,Metal,-26.037346,4.8275967
Jaz_LOW_21,movie,Jazz,-3.9156752,-27.220354
Ele_LOW_14,bar,Electronic,-3.145921,-15.719786
Ele_MED_19,movie,Electronic,15.350382,-14.3169155
Met_MED_20,videogame,Metal,11.103705,-3.8724942
Ele_MED_20,concert,Electronic,35.816063,-22.435904
80s_LOW_06,concert,80s,3.3671935,33.018738
Jaz_LOW_19,concert,Jazz,5.3549185,-8.388308
Jaz_MED_02,bar,Jazz,7.0264792,-27.800539
80s_MED_08,videogame,80s,22.84912,8.0101185
Ele_LOW_09,videogame,Electronic,8.581171,9.91349
Jaz_LOW_21,movie,Jazz,2.2878768,-28.65262
Met_MED_19,bar,Metal,0.37055597,21.62083
80s_LOW_02,bar,80s,-4.642472,37.898613
Ele_MED_19,movie,Electronic,21.432467,37.624958
80s_LOW_06,concert,80s,12.535318,32.685745
80s_MED_08,videogame,80s,13.343933,-35.220173
Jaz_MED_02,bar,Jazz,0.039657798,36.910286
Met_MED_20,videogame,Metal,-50.635567,4.467533
Met_LOW_09,concert,Metal,0.16924539,20.960485
Ele_LOW_09,videogame,Electronic,-16.375353,-47.478092
Met_LOW_14,movie,Metal,-41.827194,-3.9196875
Jaz_MED_07,videogame,Jazz,3.592937,45.138794
Ele_LOW_14,bar,Electronic,-38.326267,-34.3655
Ele_MED_20,concert,Electronic,-8.018648,17.991095
Ele_LOW_14,bar,Electronic,30.80272,23.506372
Ele_LOW_09,videogame,Electronic,-50.425613,-4.092523
Jaz_LOW_19,concert,Jazz,-20.693134,-20.758204
Jaz_MED_07,videogame,Jazz,26.303965,17.158396
Ele_MED_20,concert,Electronic,7.6528344,-38.504715
80s_MED_08,videogame,80s,29.013477,27.505411
Jaz_LOW_21,movie,Jazz,34.238815,21.045376
Met_LOW_09,concert,Metal,-1.0787905,21.8977
80s_MED_13,movie,80s,-0.56571317,31.947102
80s_LOW_02,bar,80s,13.702088,-24.220097
Met_MED_19,bar,Metal,-27.439787,15.22933
Met_MED_20,videogame,Metal,-51.81983,-7.8029027
Ele_MED_19,movie,Electronic,11.725267,-26.547104
80s_LOW_06,concert,80s,25.222185,35.466274
Jaz_MED_02,bar,Jazz,14.255988,-30.372383
80s_LOW_02,bar,80s,-21.09466,17.839417
Ele_LOW_14,bar,Electronic,-0.51995337,16.824928
Jaz_MED_02,bar,Jazz,7.604213,7.4661636
Met_LOW_09,concert,Metal,-16.447556,31.225044
Ele_LOW_09,videogame,Electronic,-25.56987,-22.213448
80s_LOW_06,concert,80s,32.07571,33.8807
Met_MED_19,bar,Metal,-20.235014,12.156188
Jaz_LOW_21,movie,Jazz,-21.096237,-19.658983
80s_MED_13,movie,80s,-22.524689,-7.8051066
Met_LOW_09,concert,Metal,-18.860836,26.125385
Ele_LOW_09,videogame,Electronic,-31.30114,23.511253
Jaz_LOW_21,movie,Jazz,-10.425049,-7.253975
Jaz_MED_02,bar,Jazz,43.53274,1.1465445
80s_MED_13,movie,80s,-9.583874,-6.806629
80s_LOW_02,bar,80s,-9.742227,38.007538
Ele_MED_20,concert,Electronic,-1.7593528,26.830164
Met_LOW_14,movie,Metal,-9.58492,-6.795764
Jaz_MED_07,videogame,Jazz,45.95469,7.2824697
Met_MED_19,bar,Metal,40.650326,25.448185
Ele_MED_19,movie,Electronic,-6.226766,-9.874226
80s_MED_08,videogame,80s,1.946706,-0.868944
Met_MED_19,bar,Metal,-37.69769,-5.6616716
Ele_LOW_14,bar,Electronic,-28.49101,-23.82253
Jaz_MED_07,videogame,Jazz,26.847115,-5.7977877
Jaz_LOW_19,concert,Jazz,8.104712,15.089843
Ele_MED_19,movie,Electronic,-28.901014,8.2442665
Ele_LOW_09,videogame,Electronic,-22.394976,-33.008728
Jaz_LOW_21,movie,Jazz,-16.650043,-2.9589064
Jaz_MED_02,bar,Jazz,15.004918,-36.29632
Jaz_LOW_19,concert,Jazz,-41.76188,-3.8992596
Jaz_MED_07,videogame,Jazz,37.12072,3.7204964
Ele_MED_19,movie,Electronic,-30.426987,5.8610506
Met_LOW_14,movie,Metal,-38.912582,-17.39014
80s_MED_13,movie,80s,-22.96319,9.293995
Met_MED_20,videogame,Metal,-51.20161,-9.573182
Ele_LOW_09,videogame,Electronic,-21.527607,-24.735226
80s_LOW_02,bar,80s,34.483273,2.1299455
80s_LOW_06,concert,80s,-5.8319974,-16.313986
Ele_LOW_14,bar,Electronic,-36.240078,-17.863756
Jaz_LOW_21,movie,Jazz,40.60257,-0.21493584
Jaz_MED_02,bar,Jazz,10.007678,15.143167
Met_MED_19,bar,Metal,-53.305237,-7.7211375
Met_MED_19,bar,Metal,-7.126421,-28.710468
Ele_LOW_09,videogame,Electronic,-28.776005,-38.818516
Ele_MED_19,movie,Electronic,-6.6932096,-28.410053
Ele_MED_20,concert,Electronic,-18.79469,7.697298
Met_LOW_14,movie,Metal,-31.352974,-24.918385
Jaz_MED_07,videogame,Jazz,42.58048,3.991091
Jaz_LOW_21,movie,Jazz,-5.046724,-13.973531
Ele_LOW_14,bar,Electronic,-16.88584,12.30118
Jaz_MED_02,bar,Jazz,41.99674,2.7677686
Met_MED_20,videogame,Metal,-27.339544,-18.623856
Jaz_MED_07,videogame,Jazz,18.123283,20.74742
Met_MED_20,videogame,Metal,-50.180206,-13.764449
Jaz_MED_02,bar,Jazz,21.280632,-17.916147
80s_LOW_06,concert,80s,21.049133,25.50788
80s_MED_13,movie,80s,-20.15933,-8.532576
80s_MED_08,videogame,80s,3.5129457,-35.607437
Ele_LOW_14,bar,Electronic,-26.660654,-36.99515
Met_LOW_14,movie,Metal,-35.010086,5.2534237
Jaz_LOW_21,movie,Jazz,-6.9211836,-29.145105
80s_LOW_02,bar,80s,-29.021542,10.905652
Ele_LOW_09,videogame,Electronic,-19.20261,-44.13674
Jaz_LOW_19,concert,Jazz,-39.57934,-31.886108
Met_MED_19,bar,Metal,19.123035,15.186214
Ele_MED_20,concert,Electronic,23.595257,-19.740355
Met_LOW_09,concert,Metal,24.301744,27.487455
Ele_MED_19,movie,Electronic,4.7468925,7.498525
80s_LOW_02,bar,80s,39.957233,-10.477174
Jaz_MED_07,videogame,Jazz,-3.9827433,44.53
80s_LOW_06,concert,80s,-27.946005,29.108364
Ele_MED_20,concert,Electronic,24.990805,-19.048307
Met_MED_19,bar,Metal,-42.26236,6.9067116
Ele_LOW_14,bar,Electronic,-36.092068,-34.09141
Jaz_LOW_21,movie,Jazz,-17.96199,-9.161078
80s_MED_13,movie,80s,45.437172,3.9728413
80s_MED_13,concert,80s,-17.661846,17.562239
Met_LOW_14,concert,Metal,-30.711605,6.07167
Ele_MED_19,concert,Electronic,-17.508778,-30.601522
80s_MED_08,movie,80s,-17.795551,-9.298168
Jaz_LOW_19,videogame,Jazz,-32.364727,-9.217644
Ele_MED_20,bar,Electronic,7.3724017,-39.285065
Ele_LOW_09,movie,Electronic,-15.5500145,-43.39405
80s_LOW_02,videogame,80s,-19.664848,16.45181
Jaz_MED_07,movie,Jazz,-13.0971365,16.1405
Met_LOW_09,bar,Metal,6.9098415,20.379288
Ele_LOW_09,movie,Electronic,-11.084229,-41.27762
Met_MED_19,videogame,Metal,-53.462364,3.214807
Jaz_LOW_21,bar,Jazz,-14.818337,5.2390714
Ele_MED_19,concert,Electronic,32.72646,-13.168252
Jaz_MED_02,concert,Jazz,31.754398,-4.2863426
Jaz_LOW_19,videogame,Jazz,41.81743,22.401102
Met_LOW_14,concert,Metal,-41.485607,2.175919
80s_MED_13,concert,80s,-7.373011,-39.442696
Jaz_MED_07,movie,Jazz,35.312763,-18.193008
Ele_LOW_14,videogame,Electronic,-37.261158,-35.445602
80s_MED_08,movie,80s,29.369516,43.328247
80s_LOW_02,videogame,80s,-9.915741,35.434444
Met_MED_20,movie,Metal,-11.917369,-41.05502
Jaz_LOW_21,bar,Jazz,-4.496962,-28.385603
Met_LOW_09,bar,Metal,-36.578438,5.2140646
Met_MED_19,videogame,Metal,-49.371048,-11.997459
Jaz_MED_02,concert,Jazz,31.677017,6.88415
Met_MED_20,movie,Metal,-31.029165,-16.257135
Ele_LOW_14,videogame,Electronic,-31.118656,-35.243176
Met_LOW_14,concert,Metal,-44.78365,-16.826303
80s_LOW_02,videogame,80s,-22.971394,-2.6010594
Ele_LOW_09,movie,Electronic,-38.01991,-17.426823
Ele_MED_19,concert,Electronic,7.865255,4.2987943
Jaz_MED_07,movie,Jazz,-36.09409,-3.089601
Jaz_LOW_19,videogame,Jazz,-31.22946,-31.235163
80s_MED_13,concert,80s,-26.741571,-28.749966
80s_LOW_06,bar,80s,-6.824993,-14.388371
80s_LOW_02,videogame,80s,-23.195688,-2.540309
Met_LOW_14,concert,Metal,2.8599455,5.086713
Jaz_LOW_21,bar,Jazz,-13.535074,-11.096533
Ele_LOW_09,movie,Electronic,-34.54213,-10.303429
Ele_LOW_14,videogame,Electronic,-22.700918,-22.461987
Met_MED_20,movie,Metal,-33.472923,-1.6936187
Met_MED_19,videogame,Metal,-51.568943,4.957865
Jaz_MED_07,movie,Jazz,36.708546,2.3662715
Jaz_MED_07,movie,Jazz,34.88442,9.046391
80s_LOW_02,videogame,80s,-22.869783,-1.0147936
80s_MED_13,concert,80s,-4.081257,-1.7181073
Ele_MED_19,concert,Electronic,22.510885,-31.791235
Jaz_LOW_19,videogame,Jazz,-39.39076,-32.534576
Ele_LOW_14,videogame,Electronic,-35.238617,-34.635693
Ele_LOW_09,movie,Electronic,25.949324,21.249708
Met_MED_19,videogame,Metal,-51.026955,2.8748856
Met_LOW_14,concert,Metal,-9.62149,0.76498926
Jaz_MED_02,concert,Jazz,40.049427,4.838767
Jaz_LOW_21,bar,Jazz,-16.32211,-16.15519
Jaz_LOW_19,videogame,Jazz,-8.715862,-17.533005
Met_MED_20,movie,Metal,10.423212,-9.6939
80s_LOW_02,videogame,80s,-22.863466,8.17686
Jaz_MED_02,concert,Jazz,-7.691671,35.067043
Met_LOW_14,concert,Metal,31.818043,40.41746
Ele_LOW_09,movie,Electronic,-24.858482,12.053372
Met_MED_19,videogame,Metal,0.8998193,-37.165424
80s_MED_13,concert,80s,-2.5322664,41.318466
Met_LOW_09,bar,Metal,22.021414,12.318879
Jaz_MED_07,movie,Jazz,-22.565187,8.292634
Jaz_LOW_21,bar,Jazz,2.3417058,-35.291862
80s_LOW_06,bar,80s,31.653034,38.07382
Ele_MED_19,concert,Electronic,42.911594,21.752914
Ele_LOW_14,videogame,Electronic,33.97322,41.61862
80s_MED_08,movie,80s,1.8008715,-35.916924
Ele_MED_20,bar,Electronic,1.9240671,-35.501904
Met_MED_19,videogame,Metal,-28.510315,4.908904
Met_MED_20,movie,Metal,32.16588,36.0855
Jaz_LOW_19,videogame,Jazz,21.61797,-2.160037
80s_LOW_06,bar,80s,32.16329,31.505417
80s_MED_13,concert,80s,-2.1666777,38.732773
80s_LOW_02,videogame,80s,14.232544,-7.754243
Met_LOW_09,bar,Metal,32.830074,35.42993
Jaz_MED_07,movie,Jazz,24.531004,-34.756092
Ele_LOW_09,movie,Electronic,-9.196991,28.084635
Jaz_LOW_21,bar,Jazz,23.06114,-3.7542856
Ele_MED_20,bar,Electronic,27.566778,-26.180016
Ele_LOW_14,videogame,Electronic,-28.548426,4.211056
Ele_MED_19,concert,Electronic,32.812645,34.325798
80s_MED_08,movie,80s,27.678602,-17.018269
Jaz_MED_02,concert,Jazz,27.664637,-26.16357
Ele_LOW_14,videogame,Electronic,19.838692,-15.232088
Met_MED_20,movie,Metal,15.268433,20.63782
Jaz_MED_07,movie,Jazz,31.81891,-18.217865
80s_MED_13,concert,80s,18.45697,27.908068
Ele_LOW_09,movie,Electronic,-17.999413,-46.45901
Jaz_LOW_21,bar,Jazz,14.436068,-9.950118
Ele_MED_20,bar,Electronic,15.070516,-13.212575
Jaz_MED_02,concert,Jazz,14.463189,4.7694597
Ele_MED_19,concert,Electronic,17.12089,28.309673
Met_LOW_09,bar,Metal,0.40443662,14.122246
80s_MED_08,movie,80s,16.572561,-16.715834
Met_MED_19,videogame,Metal,-9.277267,28.00593
80s_LOW_06,bar,80s,17.121832,4.631074
Jaz_LOW_19,videogame,Jazz,9.1168585,36.95532
80s_LOW_02,videogame,80s,19.177362,-20.956766
80s_MED_13,concert,80s,11.211514,-11.90348
Met_LOW_14,concert,Metal,11.908895,3.2738743
Ele_MED_20,bar,Electronic,-25.802176,-2.9906945
Jaz_LOW_21,bar,Jazz,39.907684,25.942965
80s_MED_08,movie,80s,-5.3470116,8.9839525
Ele_LOW_09,movie,Electronic,-2.0389242,-6.7031393
Jaz_MED_02,concert,Jazz,23.362467,-6.545158
80s_LOW_02,videogame,80s,47.633747,11.208136
Met_MED_20,movie,Metal,-15.1358385,12.56918
Ele_MED_19,concert,Electronic,-5.863121,5.575881
Met_LOW_09,bar,Metal,39.702106,25.839241
80s_LOW_06,bar,80s,41.58409,-7.8524485
80s_MED_08,movie,80s,30.918224,-7.439261
Met_LOW_14,concert,Metal,9.950346,3.8674548
Ele_MED_19,concert,Electronic,-9.644988,37.67594
Ele_MED_20,bar,Electronic,40.63894,-9.699377
80s_MED_13,concert,80s,9.155827,-8.023687
Jaz_LOW_21,bar,Jazz,27.383463,-7.04293
Met_MED_20,movie,Metal,3.0535922,-6.098679
Jaz_LOW_19,videogame,Jazz,-13.516139,-46.39611
Met_LOW_09,bar,Metal,9.383062,34.793457
Jaz_MED_07,movie,Jazz,10.26917,-22.307718
Ele_LOW_14,videogame,Electronic,-36.355335,2.172916
80s_MED_13,concert,80s,12.831189,36.030624
80s_LOW_02,videogame,80s,-2.4646325,-38.806774
80s_MED_08,movie,80s,-3.8769212,-38.44908
Jaz_MED_02,concert,Jazz,10.915829,34.94049
Ele_MED_19,concert,Electronic,11.732694,35.259277
Ele_MED_20,bar,Electronic,-17.585032,23.888048
Jaz_LOW_21,bar,Jazz,29.948862,30.480404
Met_MED_19,videogame,Metal,-15.057207,-45.82807
80s_LOW_06,bar,80s,11.836534,35.108997
Met_LOW_14,concert,Metal,8.028162,31.562038
Ele_LOW_09,movie,Electronic,-45.04948,-2.3089764
80s_MED_08,movie,80s,14.906508,-1.0627944
Met_MED_19,videogame,Metal,-16.213139,-45.592445
80s_LOW_02,videogame,80s,14.620029,-39.522705
Met_MED_20,movie,Metal,-22.479612,28.184153
Ele_MED_19,concert,Electronic,22.935904,38.338676
Jaz_LOW_19,videogame,Jazz,-12.552152,-46.106354
Jaz_MED_07,movie,Jazz,-2.978252,42.816517
Met_LOW_09,bar,Metal,20.018604,33.791492
80s_LOW_06,bar,80s,20.810215,34.327442
Jaz_MED_02,concert,Jazz,10.403294,32.85154
Ele_LOW_09,movie,Electronic,-7.7389545,-38.84334
Ele_MED_20,bar,Electronic,22.508009,42.658226
Ele_LOW_14,videogame,Electronic,-17.426117,-31.4828
Met_LOW_14,concert,Metal,-22.09067,27.563686
80s_MED_13,concert,80s,-15.80483,31.162426
Jaz_MED_07,movie,Jazz,-7.115455,45.66916
Jaz_LOW_19,videogame,Jazz,-38.67537,-30.735622
80s_LOW_06,bar,80s,-1.7939415,-12.540292
Met_MED_19,videogame,Metal,-40.97087,-16.335562
Ele_LOW_09,movie,Electronic,3.9927766,-9.971975
Met_MED_20,movie,Metal,-21.405254,-19.697264
80s_MED_08,movie,80s,-30.313644,11.956058
Met_LOW_09,bar,Metal,17.627201,14.894724
80s_LOW_02,videogame,80s,-6.060858,44.724026
Met_LOW_14,concert,Metal,16.293177,15.9108715
Ele_LOW_14,videogame,Electronic,-27.109528,-22.30687
80s_LOW_02,videogame,80s,-7.933168,22.12621
Ele_MED_19,concert,Electronic,25.466711,45.42536
Ele_LOW_09,movie,Electronic,-43.924072,3.2205043
Met_LOW_14,concert,Metal,13.528515,-45.39943
Ele_MED_20,bar,Electronic,26.347618,44.852627
Met_MED_19,videogame,Metal,-12.1727915,-36.95913
Ele_LOW_14,videogame,Electronic,-7.5932302,21.125044
Jaz_LOW_21,bar,Jazz,26.253853,44.847004
80s_MED_08,movie,80s,-4.1500187,3.241206
Jaz_MED_02,concert,Jazz,44.690952,2.901741
Met_MED_20,movie,Metal,14.00007,10.569178
80s_MED_13,concert,80s,20.047411,-16.253086
80s_LOW_06,bar,80s,34.02192,28.753862
Ele_LOW_14,videogame,Electronic,15.094899,7.8755217
Ele_LOW_09,movie,Electronic,20.3807,-16.888035
Met_LOW_09,bar,Metal,34.066235,-10.6092205
Met_MED_19,videogame,Metal,11.102554,8.010972
Ele_MED_19,concert,Electronic,35.92542,29.22022
Met_LOW_09,bar,Metal,-31.215305,23.73159
Jaz_MED_02,concert,Jazz,1.5552351,25.6726
Met_MED_20,movie,Metal,32.90104,-15.721709
80s_LOW_06,bar,80s,33.135193,-13.843154
Met_MED_19,videogame,Metal,-11.0849905,1.15689
80s_MED_13,concert,80s,33.078262,-15.325128
80s_MED_08,movie,80s,22.750982,-7.195444
Jaz_LOW_21,bar,Jazz,-14.891309,-36.40684
Jaz_MED_07,movie,Jazz,22.711327,-22.171732
Met_LOW_14,concert,Metal,-29.357592,27.23993
80s_LOW_02,videogame,80s,-7.8375034,-27.367922
Ele_LOW_14,videogame,Electronic,-18.495062,-42.732483
Ele_MED_20,bar,Electronic,-1.3783193,9.516319
Ele_LOW_09,movie,Electronic,-47.941124,-0.46552578
Jaz_MED_07,movie,Jazz,49.913975,10.690668
Met_MED_20,movie,Metal,39.846413,23.155798
80s_MED_13,concert,80s,23.816639,43.4657
Ele_LOW_14,videogame,Electronic,-13.088906,-46.761475
80s_MED_08,movie,80s,21.23005,-9.647929
Met_MED_19,videogame,Metal,-11.044031,-44.53588
80s_LOW_02,videogame,80s,-7.774174,35.860615
80s_LOW_06,bar,80s,35.700634,28.871702
Jaz_LOW_21,bar,Jazz,27.169762,30.677437
Met_LOW_14,concert,Metal,19.335464,7.843869
Ele_LOW_09,movie,Electronic,-32.15751,6.341912
Met_MED_19,videogame,Metal,-24.485725,-12.090545
80s_MED_08,movie,80s,8.730918,-33.53354
Jaz_LOW_21,bar,Jazz,23.53084,39.993996
Ele_MED_20,bar,Electronic,38.387966,-12.621143
Jaz_MED_02,concert,Jazz,19.8856,35.780083
Met_MED_20,movie,Metal,-37.171913,9.477779
Met_LOW_14,concert,Metal,15.275845,29.3157
Jaz_MED_07,movie,Jazz,50.50013,9.191906
Ele_LOW_14,videogame,Electronic,-48.312775,-5.840739
80s_MED_13,concert,80s,10.136909,31.994085
Ele_MED_19,concert,Electronic,10.056779,31.522852
Met_LOW_09,bar,Metal,2.9898221,18.4765
80s_LOW_02,videogame,80s,20.354658,-34.696922
80s_LOW_06,bar,80s,15.169523,32.280426
Ele_LOW_09,movie,Electronic,-42.9346,0.8212807
80s_MED_08,movie,80s,-1.5373449,43.459396
80s_LOW_06,bar,80s,24.457502,37.87315
Met_MED_19,videogame,Metal,-52.160107,6.5377254
Jaz_MED_02,concert,Jazz,7.9747667,26.310963
Met_LOW_14,concert,Metal,16.55424,29.614668
Ele_LOW_14,videogame,Electronic,-48.775723,-12.325168
Jaz_MED_07,movie,Jazz,-4.2120695,22.341312
80s_MED_13,concert,80s,8.5534,27.016064
Jaz_LOW_19,videogame,Jazz,-37.57616,-30.306887
Met_LOW_09,bar,Metal,-41.151314,-6.859389
Ele_MED_20,bar,Electronic,21.774109,-20.123863
Jaz_MED_02,concert,Jazz,29.841673,-13.485608
80s_LOW_02,videogame,80s,7.666935,-28.592936
Jaz_MED_07,movie,Jazz,20.577887,43.82561
Jaz_LOW_21,bar,Jazz,23.281458,5.7409773
Ele_MED_19,concert,Electronic,15.651515,-16.769348
80s_LOW_06,bar,80s,-16.512049,-12.0133915
Ele_LOW_14,videogame,Electronic,22.300316,6.0052733
Ele_LOW_09,movie,Electronic,-20.860184,-38.83869
80s_LOW_02,videogame,80s,-42.24078,19.684937
Ele_MED_19,concert,Electronic,25.95205,26.386786
Jaz_LOW_21,bar,Jazz,28.974974,6.5983696
Met_LOW_09,bar,Metal,21.248049,28.392939
Jaz_MED_02,concert,Jazz,43.539635,-4.3896
80s_LOW_06,bar,80s,25.363136,37.20175
80s_MED_13,concert,80s,1.1765846,46.51571
Ele_LOW_14,videogame,Electronic,-29.852911,-36.320953
Jaz_LOW_19,videogame,Jazz,-35.589535,-33.091488
80s_MED_08,movie,80s,-39.882874,19.012165
Met_MED_20,movie,Metal,-48.35288,-4.897219
Met_MED_19,videogame,Metal,-51.048515,5.1348634
Jaz_MED_07,movie,Jazz,51.050755,8.935887
Met_LOW_14,concert,Metal,21.979538,24.537422
Jaz_MED_07,movie,Jazz,-2.7770526,1.8486762
Ele_LOW_09,movie,Electronic,-28.134468,-10.566876
Met_MED_19,videogame,Metal,-49.011425,-22.826935
80s_LOW_02,videogame,80s,-9.026812,-13.9608755
Met_LOW_09,bar,Metal,-3.2010608,-18.850712
Jaz_LOW_21,bar,Jazz,-24.64947,-16.858223
Ele_MED_19,concert,Electronic,21.460218,-15.812286
80s_MED_08,movie,80s,11.6632805,-41.503155
Met_MED_20,movie,Metal,7.4749937,-6.277213
Ele_LOW_14,videogame,Electronic,-27.971191,-35.642284
80s_LOW_02,videogame,80s,37.92222,-17.140484
Jaz_LOW_19,videogame,Jazz,29.17928,-12.843285
Ele_MED_20,bar,Electronic,28.763521,-32.101376
80s_MED_13,concert,80s,21.927383,-22.339993
Jaz_MED_07,movie,Jazz,28.77085,-11.829756
Jaz_LOW_21,bar,Jazz,42.14919,8.699143
Met_MED_20,movie,Metal,-49.034344,-9.819911
Ele_LOW_09,movie,Electronic,-53.387947,-7.5561333
Jaz_MED_07,movie,Jazz,-30.910446,3.4321406
Met_LOW_09,bar,Metal,-42.538048,-8.891953
Ele_LOW_09,movie,Electronic,-34.81661,-21.001966
80s_LOW_06,bar,80s,50.594765,15.701757
Ele_LOW_14,videogame,Electronic,-40.888336,-15.045631
Ele_MED_20,bar,Electronic,14.478455,-27.63804
Jaz_LOW_19,videogame,Jazz,-29.676275,-31.37024
Met_MED_19,videogame,Metal,-42.361126,-10.846978
80s_MED_08,movie,80s,-5.967734,-29.71481
80s_MED_13,concert,80s,50.64326,16.271093
80s_LOW_02,videogame,80s,23.134037,-9.352553
Met_MED_20,movie,Metal,-42.050922,-7.9502006
Jaz_MED_02,concert,Jazz,-14.837222,-2.5200465
Ele_MED_19,concert,Electronic,14.504245,-33.5641
Jaz_MED_02,concert,Jazz,44.94876,7.9676657
80s_LOW_02,videogame,80s,11.448984,-29.256247
Met_MED_20,movie,Metal,20.971561,37.98608
Jaz_MED_07,movie,Jazz,21.085707,42.40859
Met_MED_19,videogame,Metal,-15.027082,-43.15412
Ele_LOW_14,videogame,Electronic,-34.623333,-19.846424
80s_MED_08,movie,80s,-37.915928,18.40695
Ele_LOW_09,movie,Electronic,-26.236818,2.0502813
80s_MED_13,concert,80s,-1.336738,40.874706
Ele_MED_20,bar,Electronic,35.208275,2.4595425
Jaz_LOW_19,videogame,Jazz,21.684511,40.18183
Met_LOW_09,bar,Metal,20.250349,14.41012
Met_LOW_14,concert,Metal,-42.112835,1.5643706
80s_LOW_06,bar,80s,34.04527,-7.894882
Jaz_MED_07,movie,Jazz,40.45922,4.474192
Ele_MED_19,concert,Electronic,18.498493,-25.83667
Jaz_LOW_19,videogame,Jazz,-37.52693,-31.60776
Jaz_MED_02,concert,Jazz,38.26296,9.293813
80s_LOW_02,videogame,80s,11.602344,-29.094387
80s_MED_13,concert,80s,13.208075,-45.3019
Jaz_LOW_21,bar,Jazz,-18.512657,-8.0967655
Met_LOW_14,concert,Metal,-27.851624,-12.11134
Met_MED_19,videogame,Metal,-5.4744396,-1.0131707
80s_LOW_06,bar,80s,-4.78661,22.8243
Ele_LOW_14,videogame,Electronic,12.544958,-45.1495
Ele_LOW_09,movie,Electronic,-40.500996,0.5495612
Met_MED_20,movie,Metal,1.1141263,1.1567274
Jaz_LOW_21,bar,Jazz,-14.600817,-18.203688
Ele_MED_20,bar,Electronic,22.31538,-30.94443
Met_MED_19,videogame,Metal,-14.301135,21.626787
Jaz_MED_07,movie,Jazz,-0.91007346,-1.9257258
80s_LOW_02,videogame,80s,8.277802,-30.26847
Ele_LOW_09,movie,Electronic,-30.929419,-8.034291
80s_LOW_06,bar,80s,39.118206,-0.1073313
Jaz_MED_07,movie,Jazz,-2.3264303,2.5100133
Jaz_LOW_21,bar,Jazz,26.588081,40.31822
Met_MED_19,videogame,Metal,-1.65985,19.155218
Jaz_MED_02,concert,Jazz,-38.047543,24.75881
Ele_MED_19,concert,Electronic,-7.7499785,-40.503704
Met_MED_20,movie,Metal,-12.336441,-8.143647
80s_MED_13,concert,80s,-12.201974,17.264791
Ele_MED_20,bar,Electronic,-18.212309,14.413429
Met_LOW_09,bar,Metal,26.791359,-2.194358
80s_MED_08,movie,80s,29.294537,39.715782
Jaz_LOW_19,videogame,Jazz,-39.781097,2.7018993
Ele_LOW_14,videogame,Electronic,-30.296623,-37.024994
80s_LOW_06,bar,80s,23.621881,-35.109535
Ele_LOW_09,movie,Electronic,-22.09067,27.563686
80s_MED_13,concert,80s,29.337214,-10.410581
Met_MED_19,videogame,Metal,8.010403,-12.132434
Met_LOW_14,concert,Metal,-19.587336,35.2932
Jaz_LOW_19,videogame,Jazz,32.148003,42.207634
Met_LOW_09,bar,Metal,-26.382883,27.53746
Ele_MED_19,concert,Electronic,12.006557,16.494673
80s_LOW_02,videogame,80s,-11.906602,16.34091
Met_MED_20,movie,Metal,-19.587336,35.2932
Jaz_LOW_21,bar,Jazz,-18.31967,-15.736887
80s_MED_08,movie,80s,15.468396,-3.2180238
Jaz_MED_07,movie,Jazz,12.812896,17.269196
80s_MED_08,movie,80s,8.485551,1.5801859
Met_LOW_14,concert,Metal,-50.16189,-15.440492
Jaz_LOW_21,bar,Jazz,21.484383,3.0811913
Ele_MED_19,concert,Electronic,12.2106285,8.107458
Ele_LOW_14,videogame,Electronic,-35.09366,-12.646625
Jaz_MED_02,concert,Jazz,-1.504859,-3.3869696
Met_MED_19,videogame,Metal,8.885712,14.303106
Ele_LOW_09,movie,Electronic,-14.295577,-48.261574
80s_LOW_02,videogame,80s,17.932592,-26.758236
Met_MED_20,movie,Metal,5.3802023,18.525482
Met_LOW_09,bar,Metal,5.30642,18.68179
Jaz_MED_07,movie,Jazz,37.26037,15.095613
Ele_MED_20,bar,Electronic,14.677943,-34.91254
Ele_LOW_09,movie,Electronic,-43.292717,17.06424
Jaz_MED_02,concert,Jazz,13.97418,1.5909315
Met_LOW_09,bar,Metal,-5.285646,8.94746
80s_LOW_06,bar,80s,-5.7230077,27.82927
Ele_LOW_14,videogame,Electronic,-40.738285,-32.90989
Met_MED_19,videogame,Metal,-49.423615,3.4983342
Ele_MED_19,concert,Electronic,7.6144423,4.589335
Ele_MED_20,bar,Electronic,45.733448,4.2956758
Jaz_LOW_19,videogame,Jazz,-46.96548,-16.843216
Met_LOW_14,concert,Metal,-4.45597,-3.0862164
Ele_MED_20,bar,Electronic,-7.073646,-3.6768706
Met_LOW_09,bar,Metal,-2.4219658,10.655329
Ele_MED_19,concert,Electronic,-7.5483837,44.891876
80s_LOW_06,bar,80s,4.6882534,-5.9659896
Ele_LOW_14,videogame,Electronic,-2.8836167,-10.624068
Met_MED_19,videogame,Metal,-30.879553,-10.153025
80s_LOW_02,videogame,80s,8.175009,-41.721546
Ele_LOW_09,movie,Electronic,-8.034461,-4.015026
Jaz_LOW_21,bar,Jazz,-21.658007,19.95899
80s_MED_08,movie,80s,-39.14308,-26.516317
Met_MED_20,movie,Metal,-6.679287,-5.974533
80s_MED_13,concert,80s,-9.393666,-11.873407
Ele_MED_19,concert,Electronic,28.626673,-31.92663
Jaz_LOW_19,videogame,Jazz,-42.845882,-2.3044086
Jaz_MED_07,movie,Jazz,47.75209,6.0030828
80s_MED_08,movie,80s,34.135624,-4.217983
Met_MED_20,movie,Metal,-13.8834715,-22.12924
Ele_LOW_09,movie,Electronic,-14.132803,-44.963627
Ele_LOW_14,videogame,Electronic,-14.953661,-46.59053
80s_LOW_06,bar,80s,35.251564,34.6255
Ele_MED_20,bar,Electronic,20.641956,-8.99032
Met_LOW_09,bar,Metal,52.856297,14.2198305
80s_MED_13,concert,80s,2.0197983,31.30281
Met_MED_19,videogame,Metal,-15.882739,-39.68606
80s_LOW_02,videogame,80s,23.386507,-22.11503
80s_MED_08,movie,80s,34.333508,-6.501399
Met_MED_20,movie,Metal,-50.375114,-5.6478114
Ele_LOW_14,videogame,Electronic,-38.099678,1.2593731
Met_LOW_14,concert,Metal,11.65292,30.397305
Jaz_MED_02,concert,Jazz,9.350704,37.0326
Ele_MED_19,concert,Electronic,-0.6332644,-9.292672
Jaz_LOW_19,videogame,Jazz,-37.23509,-33.13159
Ele_LOW_09,movie,Electronic,28.010834,25.05935
Jaz_MED_07,movie,Jazz,47.299026,7.8855863
80s_MED_13,concert,80s,11.089954,27.000433
80s_LOW_06,bar,80s,-2.076627,-12.854034
Jaz_LOW_21,bar,Jazz,35.840874,16.468254
Ele_LOW_09,movie,Electronic,-13.64138,-43.241875
80s_MED_13,concert,80s,16.96165,-30.998297
Jaz_MED_07,movie,Jazz,37.760826,3.3864107
Ele_LOW_14,videogame,Electronic,-29.68004,-36.90763
Jaz_LOW_19,videogame,Jazz,-18.861135,-17.503464
Jaz_MED_02,concert,Jazz,-1.2952905,40.45563
Met_LOW_09,bar,Metal,11.020549,28.759132
Met_LOW_14,concert,Metal,-26.812565,-8.202137
80s_MED_08,movie,80s,-6.333129,-37.496483
Jaz_LOW_21,bar,Jazz,18.380747,-6.539764
Met_MED_20,movie,Metal,-5.615324,-0.21921872
Ele_MED_19,concert,Electronic,20.199348,25.942266
80s_MED_13,concert,80s,15.5467,22.247686
Met_MED_20,movie,Metal,11.262803,11.245565
Met_LOW_09,bar,Metal,36.427002,-12.561352
Jaz_MED_07,movie,Jazz,1.8799793,38.967415
Met_MED_19,videogame,Metal,-25.9465,8.049381
Ele_LOW_09,movie,Electronic,10.460201,11.470569
Ele_LOW_14,videogame,Electronic,-21.605726,-42.6384
Ele_MED_20,bar,Electronic,37.272938,-12.964382
Met_LOW_14,concert,Metal,18.906733,24.819586
80s_LOW_06,bar,80s,37.1757,-14.161909
80s_MED_08,movie,80s,10.64929,-0.34054446
80s_LOW_02,videogame,80s,9.254335,-26.47334
Jaz_LOW_19,videogame,Jazz,11.249728,0.15686922
Jaz_LOW_21,bar,Jazz,37.368023,-13.496003
80s_LOW_02,videogame,80s,-27.901354,-5.5737967
80s_MED_08,movie,80s,-18.768442,-11.697576
Jaz_MED_07,movie,Jazz,5.83336,-25.417337
Jaz_LOW_19,videogame,Jazz,-34.250927,-30.4114
Met_LOW_09,bar,Metal,21.926678,21.459974
80s_LOW_06,bar,80s,31.943537,32.43636
Ele_LOW_14,videogame,Electronic,-47.656315,-10.676625
Met_LOW_14,concert,Metal,14.147223,1.5618774
Jaz_MED_02,concert,Jazz,28.766375,27.21242
Ele_MED_20,bar,Electronic,-26.272507,-29.15418
Jaz_LOW_21,bar,Jazz,-6.8133483,20.45329
Ele_MED_19,concert,Electronic,-42.63937,16.544027
Jaz_LOW_21,bar,Jazz,30.63973,5.1364045
Ele_MED_20,bar,Electronic,-14.862219,4.40135
Jaz_LOW_19,videogame,Jazz,-27.971262,-17.29063
Ele_LOW_14,videogame,Electronic,28.173698,37.42452
80s_LOW_02,videogame,80s,-43.510715,17.308977
Met_LOW_09,bar,Metal,0.80155236,22.320675
Ele_MED_19,concert,Electronic,17.427067,-31.719198
Ele_LOW_09,movie,Electronic,-37.372334,-7.5497236
Met_MED_20,movie,Metal,-27.458452,15.216083
80s_LOW_06,bar,80s,27.063463,36.062267
Jaz_MED_07,movie,Jazz,-14.238569,-2.1408494
Met_LOW_14,concert,Metal,-18.60394,22.711643
Met_MED_19,videogame,Metal,-31.473234,-17.637007
Met_MED_20,movie,Metal,28.630175,-0.15912302
80s_LOW_02,videogame,80s,16.747763,-3.7588058
Ele_LOW_09,movie,Electronic,-22.5905,5.357295
Jaz_LOW_21,bar,Jazz,-13.019801,-18.862663
Ele_MED_19,concert,Electronic,46.254845,14.713439
Jaz_LOW_19,videogame,Jazz,20.259043,10.820453
80s_LOW_06,bar,80s,40.263847,22.811441
Met_LOW_14,concert,Metal,36.33831,20.6407
Jaz_MED_02,concert,Jazz,3.8843994,32.681297
Met_LOW_14,concert,Metal,13.146368,-8.493076
80s_LOW_02,videogame,80s,0.41772497,-36.71846
80s_MED_13,concert,80s,-2.9705753,-18.77079
Met_MED_20,movie,Metal,-20.636911,-11.106832
Jaz_MED_02,concert,Jazz,32.972324,-24.0793
Jaz_LOW_19,videogame,Jazz,50.763325,4.8877134
Ele_MED_20,bar,Electronic,0.8180455,-6.412164
Jaz_LOW_21,bar,Jazz,31.624226,23.572975
Ele_LOW_14,videogame,Electronic,-35.10632,-31.389896
80s_MED_08,movie,80s,-40.708195,17.954107
Ele_MED_19,concert,Electronic,-38.100147,10.714626
80s_LOW_06,bar,80s,33.006134,37.601456
Met_LOW_09,bar,Metal,7.9469147,14.592456
Jaz_MED_07,movie,Jazz,28.73995,-9.861017
Met_MED_19,videogame,Metal,-41.704212,-20.981941
Ele_LOW_09,movie,Electronic,-19.560617,-42.592022
Jaz_MED_07,concert,Jazz,46.783875,2.560516
Ele_MED_19,bar,Electronic,12.322119,-8.373232
Met_MED_19,concert,Metal,-30.02765,22.899935
Ele_LOW_14,movie,Electronic,13.844639,6.142844
Ele_LOW_09,concert,Electronic,10.011706,-3.706921
Jaz_LOW_19,bar,Jazz,38.427658,-8.601343
Met_LOW_09,movie,Metal,29.478104,3.0981565
Met_LOW_14,videogame,Metal,-49.337555,-22.01084
Jaz_MED_02,movie,Jazz,44.106274,6.934978
Met_MED_20,bar,Metal,-5.7036066,13.050317
80s_LOW_02,movie,80s,8.741191,-29.210094
Met_MED_19,concert,Metal,22.48254,27.429382
Met_LOW_09,movie,Metal,-34.01584,-2.7405057
Jaz_LOW_19,bar,Jazz,-38.299072,-29.144085
Jaz_LOW_21,videogame,Jazz,39.18533,-14.622208
Ele_MED_19,bar,Electronic,17.307009,-31.574104
Jaz_MED_02,movie,Jazz,22.664288,36.44929
80s_LOW_06,videogame,80s,-9.169921,-43.27406
Ele_LOW_09,concert,Electronic,23.352043,25.926107
80s_LOW_02,movie,80s,-25.384449,-0.47234327
Jaz_MED_07,concert,Jazz,26.486002,2.4635434
80s_MED_08,concert,80s,31.958044,20.357233
80s_LOW_06,videogame,80s,5.6484118,-39.18309
Jaz_LOW_19,bar,Jazz,27.127443,34.411053
Ele_LOW_09,concert,Electronic,18.651556,22.010702
Jaz_LOW_21,videogame,Jazz,-18.349964,-18.017073
Jaz_MED_02,movie,Jazz,9.349616,29.686085
Met_LOW_09,movie,Metal,-47.33309,4.620094
Met_LOW_14,videogame,Metal,-49.91154,-11.271957
Ele_MED_19,bar,Electronic,14.7572565,-27.102833
Met_MED_20,bar,Metal,23.942932,-0.6472938
Ele_LOW_14,movie,Electronic,-45.884754,-9.2423935
Ele_MED_20,videogame,Electronic,12.963947,-31.322706
80s_MED_13,bar,80s,-22.433693,-13.017416
Met_MED_19,concert,Metal,2.684715,20.211918
Ele_MED_20,videogame,Electronic,5.4488277,-12.581829
Met_LOW_09,movie,Metal,5.0174904,11.867542
Met_MED_19,concert,Metal,-8.295619,7.456367
Jaz_LOW_21,videogame,Jazz,21.50559,2.7691414
Jaz_MED_07,concert,Jazz,27.969894,-10.179345
80s_MED_08,concert,80s,-4.8991017,-11.964137
Jaz_MED_02,movie,Jazz,30.539421,3.1525578
Met_MED_20,bar,Metal,-9.613948,-44.51334
Ele_LOW_14,movie,Electronic,-4.965766,-13.947212
80s_LOW_06,videogame,80s,-10.943192,-12.68406
Met_LOW_14,videogame,Metal,4.1136265,-8.251698
Jaz_LOW_19,bar,Jazz,0.8439919,12.115601
Ele_LOW_09,concert,Electronic,23.904085,15.265138
80s_MED_13,bar,80s,-2.3876297,-8.101359
80s_LOW_02,movie,80s,-32.12735,11.630715
Ele_MED_19,bar,Electronic,15.085008,-17.827204
80s_MED_13,bar,80s,2.695595,-3.143583
Ele_MED_20,videogame,Electronic,25.68028,-13.170194
80s_LOW_02,movie,80s,10.370712,-12.2866535
Jaz_MED_02,movie,Jazz,-0.36399028,-23.498716
Met_LOW_09,movie,Metal,-7.933165,33.83263
Ele_LOW_09,concert,Electronic,-31.01506,0.51981956
Ele_LOW_14,movie,Electronic,-46.47398,-10.880882
80s_MED_08,concert,80s,-20.148268,-13.10968
Jaz_MED_07,concert,Jazz,29.926123,12.646746
Met_MED_20,bar,Metal,4.068816,-0.05751907
Met_MED_19,concert,Metal,-38.385056,-3.48615
Met_LOW_14,videogame,Metal,-16.532553,-42.761257
Jaz_LOW_19,bar,Jazz,51.413784,-0.33195573
Jaz_MED_02,movie,Jazz,25.523113,-10.382422
Ele_MED_20,videogame,Electronic,10.944465,-40.484947
80s_MED_08,concert,80s,-22.0786,15.458891
Met_MED_19,concert,Metal,1.5610571,4.605383
Jaz_MED_07,concert,Jazz,27.231962,-5.2095566
80s_MED_13,bar,80s,-19.74125,10.205857
Met_MED_20,bar,Metal,2.2613657,3.5904334
Ele_MED_19,bar,Electronic,17.952612,-18.324877
Ele_LOW_09,concert,Electronic,18.201183,24.148468
80s_LOW_02,movie,80s,-0.40049404,-23.508911
Met_LOW_09,movie,Metal,2.3816013,4.157642
Jaz_LOW_21,videogame,Jazz,27.250908,-4.6835837
Ele_LOW_14,movie,Electronic,-35.33342,-15.123807
Jaz_LOW_19,bar,Jazz,-40.86371,-30.63116
Met_MED_19,concert,Metal,12.239005,31.43401
Met_MED_20,bar,Metal,6.976122,32.916477
Jaz_LOW_21,videogame,Jazz,-13.49756,-25.3744
Ele_LOW_14,movie,Electronic,2.9910464,9.45986
80s_MED_13,bar,80s,5.0191355,31.713223
80s_LOW_02,movie,80s,6.6672034,33.8155
Jaz_MED_02,movie,Jazz,-7.4859047,-9.140166
Ele_MED_19,bar,Electronic,27.072548,42.14828
Ele_MED_20,videogame,Electronic,-29.177855,-2.0566032
80s_MED_08,concert,80s,7.282345,33.29062
Met_LOW_14,videogame,Metal,-13.501955,-26.71042
Jaz_LOW_19,bar,Jazz,8.395091,33.542076
Ele_LOW_09,concert,Electronic,-29.044228,-1.8147831
Jaz_MED_07,concert,Jazz,10.3356,24.52785
Met_LOW_09,movie,Metal,-50.872025,-4.3057237
Met_MED_20,bar,Metal,-14.892565,14.831685
Ele_LOW_09,concert,Electronic,22.089872,-29.27893
Ele_MED_19,bar,Electronic,-5.8384457,34.36188
Met_LOW_09,movie,Metal,-28.53339,6.4590135
Jaz_MED_07,concert,Jazz,22.027418,-28.279764
80s_LOW_02,movie,80s,17.034925,-21.061895
Met_LOW_14,videogame,Metal,-14.426576,-37.077625
Jaz_LOW_21,videogame,Jazz,-13.373843,-21.15893
80s_MED_08,concert,80s,6.2222733,-32.27177
Met_MED_19,concert,Metal,-47.188442,-3.3637643
Ele_LOW_14,movie,Electronic,32.58032,30.292526
Jaz_LOW_19,bar,Jazz,-18.293205,-44.963432
Jaz_MED_02,movie,Jazz,50.26829,12.786389
Jaz_LOW_21,videogame,Jazz,-18.130219,-26.321827
80s_LOW_06,videogame,80s,-11.10063,-16.820843
Ele_LOW_09,concert,Electronic,-9.419653,-16.163717
Jaz_LOW_19,bar,Jazz,-40.302982,-30.656452
Jaz_LOW_19,bar,Jazz,4.694709,0.8315542
Met_LOW_09,movie,Metal,-37.94917,-9.632032
Met_MED_19,concert,Metal,6.556862,-3.4145615
80s_LOW_06,videogame,80s,-24.985043,-5.947671
Jaz_MED_07,concert,Jazz,3.3072572,14.815585
Ele_MED_20,videogame,Electronic,-11.778402,6.488267
Met_MED_20,bar,Metal,-28.1297,-19.612837
Jaz_MED_02,movie,Jazz,-10.202286,42.607044
Ele_MED_19,bar,Electronic,8.137897,7.0647473
80s_MED_13,bar,80s,-39.94737,-33.93851
Ele_LOW_09,concert,Electronic,-33.234932,-12.888559
80s_MED_08,concert,80s,-17.18821,-22.137691
Ele_LOW_14,movie,Electronic,8.144502,-36.645855
Jaz_LOW_21,videogame,Jazz,25.638922,35.022923
Met_LOW_09,movie,Metal,-44.4299,16.370756
Jaz_MED_07,concert,Jazz,41.21716,-0.40181023
Jaz_MED_02,movie,Jazz,10.573438,-34.55022
Met_LOW_14,videogame,Metal,15.080061,-38.804253
80s_MED_13,bar,80s,-3.5125113,0.23607586
Ele_LOW_09,concert,Electronic,0.60056114,-3.7392042
80s_LOW_06,videogame,80s,-21.242043,-5.11436
Ele_MED_19,bar,Electronic,37.59372,7.0342526
Met_MED_19,concert,Metal,-13.828741,-45.425457
80s_MED_08,concert,80s,-0.65417415,-0.3953914
80s_LOW_02,movie,80s,22.223602,-36.20594
Jaz_LOW_19,bar,Jazz,11.590567,-6.087891
Met_MED_19,concert,Metal,-8.690843,-4.590362
Met_LOW_14,videogame,Metal,-33.32698,-33.188313
80s_LOW_02,movie,80s,41.94807,12.189497
Jaz_MED_07,concert,Jazz,41.217045,-10.739561
80s_LOW_06,videogame,80s,38.26439,-25.297754
Ele_LOW_14,movie,Electronic,-37.242485,-13.795672
Ele_MED_19,bar,Electronic,13.140415,-11.510651
Jaz_LOW_21,videogame,Jazz,9.891543,-14.883846
80s_MED_13,bar,80s,-15.229298,-10.797778
Met_MED_19,concert,Metal,17.52981,12.866338
80s_LOW_06,videogame,80s,-13.087403,-14.122221
80s_MED_13,bar,80s,-7.9651713,44.069134
Jaz_MED_07,concert,Jazz,34.459023,7.2669854
Met_LOW_09,movie,Metal,-9.924964,-9.345638
Jaz_LOW_19,bar,Jazz,-40.359043,-30.344501
Ele_MED_19,bar,Electronic,4.9579954,6.7195606
Ele_LOW_09,concert,Electronic,-31.078009,0.38046536
Met_LOW_14,videogame,Metal,-46.92268,-10.014655
Jaz_MED_02,movie,Jazz,26.104494,-30.252161
Ele_LOW_14,movie,Electronic,-27.847216,-34.826637
80s_LOW_02,movie,80s,-25.49852,-2.7730298
80s_MED_08,concert,80s,-18.82815,-21.280872
Jaz_LOW_21,videogame,Jazz,23.548712,4.4059815
Ele_LOW_09,concert,Electronic,39.69949,22.04451
80s_LOW_06,videogame,80s,8.2596035,17.86065
Jaz_MED_02,movie,Jazz,-4.6201196,43.96415
Jaz_MED_07,concert,Jazz,19.352814,43.12949
Jaz_LOW_19,bar,Jazz,16.81113,9.894949
Jaz_LOW_21,videogame,Jazz,-13.801463,-27.744932
Met_LOW_09,movie,Metal,-47.31438,-3.47073
Ele_MED_19,bar,Electronic,-12.677196,4.3478603
Met_MED_20,bar,Metal,14.427661,30.417423
80s_MED_13,bar,80s,-0.98312336,43.116035
Met_MED_19,concert,Metal,-18.742708,23.736015
Met_LOW_14,videogame,Metal,3.4644048,44.249065
80s_LOW_02,movie,80s,26.76577,11.858137
80s_MED_08,concert,80s,26.903812,37.473206
Ele_MED_20,videogame,Electronic,-4.2904334,29.334854
80s_LOW_02,movie,80s,-31.046541,10.330578
80s_MED_08,concert,80s,12.9951105,15.452879
Met_MED_20,bar,Metal,24.996223,14.480323
Ele_LOW_09,concert,Electronic,31.663725,40.659138
80s_LOW_06,videogame,80s,34.10012,41.86862
Jaz_MED_07,concert,Jazz,3.746563,43.12607
Jaz_MED_02,movie,Jazz,-30.68523,-3.7430305
80s_MED_13,bar,80s,3.6686895,43.357384
Met_LOW_09,movie,Metal,-30.39965,-4.3142476
Met_LOW_14,videogame,Metal,-30.399014,-4.3429475
Ele_MED_20,videogame,Electronic,-23.062641,-31.52424
Jaz_MED_02,movie,Jazz,22.28454,45.465252
Met_MED_19,concert,Metal,13.199739,27.379286
80s_LOW_06,videogame,80s,20.234482,-5.6978745
Ele_MED_19,bar,Electronic,35.32055,3.5782568
80s_MED_08,concert,80s,39.548195,18.682137
Ele_LOW_09,concert,Electronic,28.73672,22.805317
Ele_LOW_14,movie,Electronic,32.00324,-1.3264972
Met_LOW_09,movie,Metal,1.6984667,21.64273
Met_LOW_14,videogame,Metal,-20.580505,-38.450954
Ele_MED_20,videogame,Electronic,35.15886,-21.199106
Jaz_LOW_21,videogame,Jazz,-15.030525,-20.709848
Jaz_LOW_19,bar,Jazz,48.761253,4.406517
Met_MED_20,bar,Metal,-52.3692,3.5895095
Jaz_MED_07,concert,Jazz,-8.605546,20.933773
80s_LOW_02,movie,80s,29.121576,-0.71602213
80s_LOW_06,videogame,80s,32.832367,40.657658
Jaz_LOW_19,bar,Jazz,1.9634864,-12.030874
Ele_LOW_14,movie,Electronic,-28.345488,7.956198
Met_MED_19,concert,Metal,7.798046,24.66054
Jaz_MED_07,concert,Jazz,47.357784,0.22513705
Ele_LOW_09,concert,Electronic,7.4362493,24.473154
Met_LOW_14,videogame,Metal,-51.224266,-12.087228
Met_MED_20,bar,Metal,-2.9778638,7.367481
80s_LOW_02,movie,80s,18.87399,43.4944
Jaz_LOW_21,videogame,Jazz,31.059805,17.637655
80s_MED_08,concert,80s,-38.59842,16.131739
Ele_MED_20,videogame,Electronic,26.806759,-23.265583
Jaz_MED_02,movie,Jazz,50.548626,6.368502
Ele_MED_19,bar,Electronic,11.622738,-8.977013
Jaz_MED_07,concert,Jazz,-8.405268,16.598936
Ele_LOW_09,concert,Electronic,12.560918,17.28555
80s_LOW_06,videogame,80s,6.194036,-15.206574
Jaz_LOW_21,videogame,Jazz,-40.59461,22.384626
Met_MED_19,concert,Metal,-6.582426,-0.27748725
Ele_MED_20,videogame,Electronic,-21.517153,21.59493
80s_LOW_02,movie,80s,18.784126,-22.238276
Met_LOW_14,videogame,Metal,-5.759488,-0.2019345
Ele_MED_19,bar,Electronic,-18.768469,3.1855578
Met_MED_20,bar,Metal,-6.4235654,-1.554901
Ele_LOW_14,movie,Electronic,-26.573673,-35.29756
Jaz_LOW_19,bar,Jazz,38.233643,20.922575
80s_LOW_02,movie,80s,13.633221,-4.335491
Jaz_MED_02,movie,Jazz,38.633057,-14.062985
80s_LOW_06,videogame,80s,30.801563,-15.814054
Jaz_LOW_21,videogame,Jazz,-8.063246,-31.660126
Met_MED_20,bar,Metal,13.161013,4.773608
Met_MED_19,concert,Metal,12.4510765,19.68916
Jaz_MED_07,concert,Jazz,33.75466,-17.625078
Ele_MED_19,bar,Electronic,13.66278,-4.0588884
80s_LOW_02,movie,80s,28.965248,-14.347472
Ele_LOW_14,movie,Electronic,-26.282608,26.195036
Jaz_LOW_19,bar,Jazz,38.342583,24.765863
Ele_LOW_09,concert,Electronic,6.002833,-10.886954
Ele_MED_19,bar,Electronic,21.251654,-0.19840154
80s_MED_08,concert,80s,28.652962,-21.25044
Ele_MED_20,videogame,Electronic,21.796873,-15.558626
Met_MED_20,bar,Metal,-24.256247,33.195286
Jaz_MED_07,concert,Jazz,25.854614,-13.27001
Met_MED_19,concert,Metal,-24.496231,33.18478
Met_LOW_09,movie,Metal,31.492393,-25.641312
80s_MED_13,bar,80s,-15.514645,7.7311444
Jaz_MED_02,movie,Jazz,19.938763,7.4912925
Jaz_MED_07,concert,Jazz,19.549553,19.979254
Ele_LOW_14,movie,Electronic,-40.373337,-24.43784
Ele_LOW_09,concert,Electronic,15.387997,27.006784
Met_MED_20,bar,Metal,-29.111326,-13.71045
Jaz_LOW_21,videogame,Jazz,18.859749,-5.216817
80s_MED_08,concert,80s,19.57073,3.4740195
80s_MED_13,bar,80s,-22.453691,-29.04365
Met_LOW_09,movie,Metal,17.847805,25.971611
80s_LOW_02,movie,80s,9.316561,-26.69341
80s_LOW_06,videogame,80s,-29.197792,-31.1205
Jaz_LOW_19,bar,Jazz,-36.542736,-31.89339
Met_MED_19,concert,Metal,-35.896973,-8.026228
Ele_MED_20,videogame,Electronic,23.208597,-33.69837
Ele_MED_19,bar,Electronic,-31.70961,9.271113
Met_LOW_14,videogame,Metal,-47.384995,-15.090343
Jaz_MED_02,movie,Jazz,25.066088,39.46545
80s_MED_13,bar,80s,16.426434,-2.5450354
Jaz_LOW_19,bar,Jazz,44.01648,4.0921674
Jaz_MED_07,concert,Jazz,50.28857,11.547602
Jaz_MED_02,movie,Jazz,31.53196,-0.7408454
Ele_LOW_09,concert,Electronic,-18.713743,23.973898
80s_LOW_02,movie,80s,-3.209176,41.902466
80s_MED_08,concert,80s,42.397205,24.131216
80s_LOW_06,videogame,80s,35.111267,30.392258
Met_LOW_09,movie,Metal,-19.539713,26.24454
Met_LOW_09,movie,Metal,-10.997589,-40.65241
Jaz_MED_02,movie,Jazz,-3.5533712,2.4193013
Jaz_LOW_21,videogame,Jazz,-4.7670736,-28.699503
Met_MED_20,bar,Metal,-10.130393,17.096693
80s_MED_13,bar,80s,-26.488018,-28.562044
80s_LOW_02,movie,80s,32.375633,-21.537094
Jaz_MED_07,concert,Jazz,-8.303592,-38.08736
Ele_MED_20,videogame,Electronic,36.53904,-21.522068
80s_LOW_06,videogame,80s,-8.607521,-13.826708
Met_MED_19,concert,Metal,-9.502161,-41.842968
Ele_LOW_09,concert,Electronic,16.554976,-38.96268
80s_MED_08,concert,80s,45.53632,-1.4798051
Ele_LOW_14,movie,Electronic,-9.458958,-13.866095
Ele_MED_19,bar,Electronic,-5.2232084,41.882168
80s_LOW_02,movie,80s,47.052113,-1.7850313
Met_MED_20,bar,Metal,-3.0697274,-2.7338314
80s_MED_08,concert,80s,-1.0290412,-1.8935843
Jaz_MED_07,concert,Jazz,-21.55722,-3.1248362
Met_MED_19,concert,Metal,-3.6650546,-3.3478036
Met_LOW_14,videogame,Metal,-26.944473,-21.945847
Jaz_MED_02,movie,Jazz,-5.549836,-4.948452
Jaz_LOW_21,videogame,Jazz,-27.0626,-23.261047
Ele_LOW_09,concert,Electronic,-32.36338,-12.0354185
Jaz_LOW_19,bar,Jazz,-10.172342,-5.613924
80s_LOW_06,videogame,80s,-12.798178,-34.5885
80s_MED_13,bar,80s,-11.084273,-3.4063175
Met_LOW_09,movie,Metal,-3.5647118,-4.747138
Ele_MED_19,bar,Electronic,3.8751826,-1.247755
Ele_LOW_14,movie,Electronic,-27.002657,-20.89386
Ele_MED_20,videogame,Electronic,-2.7586575,-4.4122157
Jaz_LOW_21,videogame,Jazz,-20.94454,17.19431
Jaz_MED_07,concert,Jazz,9.145712,-1.8470186
Jaz_MED_02,movie,Jazz,-22.157661,3.0218718
Ele_MED_20,videogame,Electronic,-24.66598,-11.213528
Ele_MED_19,bar,Electronic,10.856302,-12.4529
80s_LOW_02,movie,80s,12.293884,-19.01765
80s_LOW_06,videogame,80s,-10.809561,11.102067
Met_LOW_09,movie,Metal,-32.357307,22.427214
80s_MED_13,bar,80s,18.96668,-11.485919
Jaz_LOW_21,videogame,Jazz,-6.8236165,6.9274054
Met_MED_19,concert,Metal,11.895469,2.7831464
Jaz_MED_07,concert,Jazz,48.67559,1.1894368
Met_MED_20,bar,Metal,-19.618933,10.331481
80s_LOW_06,videogame,80s,-40.87978,-2.039673
Met_MED_20,bar,Metal,27.877483,6.4078765
Jaz_MED_07,concert,Jazz,25.595049,4.1351104
Ele_LOW_09,concert,Electronic,-37.968227,-18.200653
Jaz_MED_02,movie,Jazz,-26.852987,-13.691279
Ele_LOW_14,movie,Electronic,-36.923237,-33.398182
Jaz_LOW_19,bar,Jazz,-25.832617,-19.95785
Ele_MED_19,bar,Electronic,25.71731,-18.322191
Jaz_LOW_21,videogame,Jazz,-14.18355,-20.68458
80s_LOW_06,videogame,80s,-11.584226,12.765474
80s_MED_08,concert,80s,-10.771308,14.21777
Ele_MED_19,bar,Electronic,-12.593552,11.37497
Ele_MED_20,videogame,Electronic,-13.372522,10.016571
Jaz_LOW_19,bar,Jazz,-13.373823,12.350777
Jaz_LOW_21,videogame,Jazz,-15.232456,-20.694036
80s_LOW_02,movie,80s,-13.605651,13.644741
Met_LOW_09,movie,Metal,-14.388052,12.460789
Ele_LOW_09,concert,Electronic,-13.443899,14.179071
Met_LOW_14,videogame,Metal,-26.091215,7.92534
Jaz_MED_02,movie,Jazz,51.94906,11.50721
Met_MED_20,bar,Metal,19.236311,-15.710434
80s_LOW_02,movie,80s,51.5192,11.23669
Met_MED_19,concert,Metal,-12.577491,21.85474
80s_LOW_06,videogame,80s,17.06653,4.9096107
Met_LOW_09,movie,Metal,-17.354898,-2.7222345
Ele_LOW_09,concert,Electronic,3.690456,9.715346
Jaz_MED_07,concert,Jazz,29.88201,15.097785
Ele_MED_20,videogame,Electronic,-25.953499,-26.863663
Ele_LOW_14,movie,Electronic,-14.101687,-14.884896
Jaz_MED_02,movie,Jazz,29.450247,-5.8900647
80s_MED_13,bar,80s,-11.787378,-17.906597
80s_MED_08,concert,80s,31.556515,-7.8730674
80s_LOW_06,videogame,80s,29.563908,-5.6465607
Met_LOW_14,videogame,Metal,-32.48267,-11.937865
Ele_LOW_09,concert,Electronic,-15.948386,-4.8716865
Jaz_LOW_21,videogame,Jazz,-3.526023,25.353115
Met_MED_20,bar,Metal,-26.438454,-16.769873
Ele_MED_19,bar,Electronic,7.996611,-22.661367
80s_LOW_02,movie,80s,26.072937,-30.373707
Jaz_MED_07,concert,Jazz,36.90951,26.32396
Ele_MED_20,videogame,Electronic,-25.930635,23.980478
Ele_LOW_14,movie,Electronic,-34.349285,16.959293
Ele_MED_19,bar,Electronic,42.945194,-6.5259037
Jaz_LOW_19,bar,Jazz,9.0799465,33.92756
Jaz_LOW_21,videogame,Jazz,-8.798479,-18.867239
Met_MED_20,bar,Metal,6.522634,35.565887
Met_LOW_09,movie,Metal,-38.675114,5.118629
80s_MED_13,bar,80s,22.924372,39.073856
80s_LOW_02,movie,80s,-36.183456,17.71163
Jaz_MED_02,movie,Jazz,-3.9046593,42.11983
Met_LOW_14,videogame,Metal,-20.287342,-32.724148
Ele_MED_19,bar,Electronic,-17.324314,11.491131
80s_MED_13,bar,80s,-7.5910625,2.846482
80s_LOW_06,videogame,80s,-14.751837,14.855383
Met_LOW_09,movie,Metal,-18.177681,24.777256
Met_LOW_14,videogame,Metal,-16.763842,21.927423
Ele_LOW_14,movie,Electronic,2.7667713,-3.2491431
Jaz_MED_07,concert,Jazz,30.62585,-24.029924
Met_MED_19,concert,Metal,-14.806629,11.005281
Ele_MED_20,videogame,Electronic,-7.518272,2.9554346
Met_MED_20,bar,Metal,4.316699,-15.389543
Jaz_MED_02,movie,Jazz,27.251856,-26.72916
Ele_LOW_09,concert,Electronic,-16.975191,22.22021
Met_LOW_14,videogame,Metal,-15.567185,26.085348
80s_MED_13,bar,80s,-14.733601,15.772451
80s_LOW_06,videogame,80s,-15.567185,26.085348
80s_LOW_02,movie,80s,45.255432,14.580337
80s_MED_08,concert,80s,41.763737,24.055706
Ele_MED_19,bar,Electronic,-17.043257,22.30437
Jaz_MED_02,movie,Jazz,45.255432,14.580337
Met_LOW_09,movie,Metal,-14.243285,16.09941
80s_MED_13,bar,80s,8.399373,-8.058016
80s_MED_08,concert,80s,7.1425614,-1.2564011
Jaz_MED_02,movie,Jazz,31.403265,-8.584082
Ele_LOW_14,movie,Electronic,-34.461792,-27.43929
Ele_MED_20,videogame,Electronic,15.786927,-18.981812
Jaz_MED_07,concert,Jazz,46.386383,8.218941
Ele_LOW_09,concert,Electronic,30.064848,30.258871
Ele_MED_19,bar,Electronic,14.431632,-10.328277
Jaz_LOW_21,videogame,Jazz,-16.725618,-14.954729
80s_LOW_02,movie,80s,51.07327,12.605028
Met_LOW_09,movie,Metal,14.17409,26.616774
Met_MED_20,bar,Metal,-29.046082,-16.658535
Met_MED_19,concert,Metal,-29.993975,-17.189308
80s_MED_13,bar,80s,-11.245422,-3.9780369
Ele_LOW_09,concert,Electronic,12.248137,3.778163
Jaz_MED_07,concert,Jazz,45.257698,0.31367514
Met_MED_19,concert,Metal,-31.469467,-8.5299425
Met_LOW_09,movie,Metal,-25.917858,-11.248462
80s_LOW_06,videogame,80s,9.417693,-41.256435
Met_MED_20,bar,Metal,-41.83052,6.5856414
Jaz_LOW_19,bar,Jazz,16.48235,16.607765
Ele_LOW_14,movie,Electronic,-35.760784,-16.246569
80s_MED_13,bar,80s,2.8989356,14.231185
Jaz_MED_07,concert,Jazz,9.879354,30.605282
80s_LOW_02,movie,80s,-36.39885,12.949372
Ele_LOW_09,concert,Electronic,4.604329,15.04616
Ele_MED_19,bar,Electronic,16.622557,16.76693
80s_MED_08,concert,80s,5.0041623,31.445162
Jaz_MED_02,movie,Jazz,-2.6054502,45.814278
Jaz_LOW_21,videogame,Jazz,-36.992233,-29.393606
Met_LOW_14,videogame,Metal,-48.984486,-13.60257
Met_MED_19,concert,Metal,1.9497224,2.0416484
Ele_MED_20,videogame,Electronic,-28.93091,10.360642
80s_LOW_02,movie,80s,-4.647922,38.131767
Met_MED_20,bar,Metal,-2.0994976,25.167881
80s_LOW_06,videogame,80s,-39.86174,19.301235
Met_LOW_14,videogame,Metal,-40.54734,-24.100525
Ele_LOW_14,movie,Electronic,-22.062857,-17.072174
Jaz_MED_07,concert,Jazz,29.589508,14.993473
Jaz_LOW_19,bar,Jazz,-38.186035,-28.093042
Ele_MED_19,bar,Electronic,14.347555,13.835367
Ele_LOW_09,concert,Electronic,23.366688,25.95568
Ele_MED_20,videogame,Electronic,-22.267147,-30.849771
Met_LOW_09,movie,Metal,-44.658077,-6.49254
Jaz_LOW_21,videogame,Jazz,-25.53417,-34.52623
Met_MED_19,concert,Metal,15.952089,28.492086
Jaz_MED_02,movie,Jazz,48.88087,8.416702
80s_MED_13,bar,80s,38.043076,3.012893
80s_MED_08,concert,80s,-19.326054,-10.969982
Ele_LOW_09,concert,Electronic,23.925125,22.864225
80s_MED_08,concert,80s,-16.55942,-17.469347
Met_MED_19,concert,Metal,-27.341345,-15.207741
Ele_MED_19,bar,Electronic,-8.775687,-0.49728727
Met_LOW_14,videogame,Metal,12.35375,-7.0582786
Jaz_MED_07,concert,Jazz,-24.320053,0.9405458
80s_LOW_06,videogame,80s,-41.96917,16.30797
Ele_MED_20,videogame,Electronic,-29.090841,-25.00931
Jaz_MED_02,movie,Jazz,-2.5392811,25.526556
Ele_LOW_14,movie,Electronic,-21.633524,-27.71693
Met_LOW_09,movie,Metal,-11.100683,-37.375244
Met_MED_20,bar,Metal,-26.202375,-13.433574
80s_LOW_02,movie,80s,-24.606207,1.2772686
Jaz_LOW_19,bar,Jazz,-40.810368,-31.627047
80s_LOW_06,videogame,80s,-39.703224,13.487738
Ele_MED_20,videogame,Electronic,1.1590048,10.072283
Jaz_MED_07,concert,Jazz,46.04262,1.4958973
Met_MED_20,bar,Metal,-1.1215028,11.690698
Met_LOW_09,movie,Metal,-15.6268015,25.30121
Jaz_LOW_21,videogame,Jazz,10.989516,-16.53345
Met_LOW_14,videogame,Metal,-12.983995,16.386059
Ele_LOW_14,movie,Electronic,-29.6963,-38.170452
80s_LOW_02,movie,80s,43.71176,3.909425
80s_MED_08,concert,80s,-43.315926,17.175545
Jaz_MED_02,movie,Jazz,26.28335,11.5115
Jaz_MED_07,concert,Jazz,19.9853,45.20018
80s_LOW_02,movie,80s,23.194666,-16.941801
Met_LOW_14,videogame,Metal,-48.064377,-0.21696372
Jaz_LOW_21,videogame,Jazz,-8.189546,6.0728445
Jaz_LOW_19,bar,Jazz,42.985424,-8.698918
80s_MED_08,concert,80s,17.358974,1.8060259
Ele_MED_19,bar,Electronic,25.556932,-17.708635
80s_LOW_06,videogame,80s,40.5493,2.5213604
Ele_MED_20,videogame,Electronic,31.702438,-21.980831
Met_MED_19,concert,Metal,15.453976,-6.024923
Ele_LOW_09,concert,Electronic,-22.155773,-28.43253
Ele_LOW_14,movie,Electronic,-22.108315,-23.899635
Met_LOW_09,movie,Metal,1.1934597,17.9611
Met_MED_20,bar,Metal,-41.58625,-21.005524
Jaz_MED_02,movie,Jazz,51.26152,8.18359
Met_LOW_14,bar,Metal,35.98695,20.113012
Met_MED_20,concert,Metal,15.463313,23.869137
Ele_MED_20,movie,Electronic,21.721863,-24.73784
80s_MED_08,bar,80s,-3.0804226,-15.745337
Jaz_MED_07,bar,Jazz,-22.582392,-2.0605066
80s_LOW_02,concert,80s,12.293982,-19.091156
Jaz_LOW_19,movie,Jazz,-39.757584,-29.465979
80s_MED_13,videogame,80s,-9.9045725,-14.684483
Ele_LOW_09,bar,Electronic,30.097267,20.355844
Ele_LOW_14,concert,Electronic,-31.15914,-26.14766
80s_LOW_06,movie,80s,-17.723038,-11.171017
Met_MED_19,movie,Metal,0.03617068,29.179478
Ele_MED_19,videogame,Electronic,16.453674,-13.147565
Met_LOW_09,videogame,Metal,-53.713425,3.1763766
Jaz_MED_02,videogame,Jazz,30.222792,-8.19273
80s_LOW_02,concert,80s,22.21985,-7.479055
Ele_LOW_14,concert,Electronic,31.368155,-0.59104997
Met_MED_20,concert,Metal,-6.4863014,16.452751
Jaz_MED_07,bar,Jazz,35.07442,2.9249065
Jaz_LOW_19,movie,Jazz,-25.966581,24.090897
Jaz_MED_02,videogame,Jazz,4.81129,25.653408
Ele_MED_19,videogame,Electronic,-10.729279,-5.466787
80s_MED_13,videogame,80s,-19.433868,7.625013
Met_MED_19,movie,Metal,9.589321,16.200134
Jaz_LOW_21,concert,Jazz,-19.419634,23.432064
Ele_LOW_09,bar,Electronic,30.200663,17.251812
80s_MED_13,videogame,80s,23.206577,-35.015392
Met_LOW_14,bar,Metal,-52.74403,-13.223716
Met_MED_19,movie,Metal,-43.023266,-0.16509128
Jaz_MED_02,videogame,Jazz,30.332884,10.455888
Ele_LOW_14,concert,Electronic,25.443897,23.136303
Jaz_LOW_19,movie,Jazz,25.622486,38.658096
Met_LOW_09,videogame,Metal,-46.373318,-13.497759
Jaz_MED_07,bar,Jazz,29.350742,9.798936
Ele_MED_19,videogame,Electronic,-35.12817,13.8522
Ele_MED_20,movie,Electronic,-31.247423,8.243945
Met_MED_20,concert,Metal,16.895458,29.957417
80s_LOW_06,movie,80s,-38.69272,18.29139
80s_MED_08,bar,80s,42.698742,-4.3859525
Ele_LOW_14,concert,Electronic,-41.39134,-16.630733
Met_MED_19,movie,Metal,-15.548643,-13.3557625
Ele_MED_20,movie,Electronic,-3.8746731,16.383099
80s_LOW_02,concert,80s,-24.166197,-2.1397808
Met_LOW_09,videogame,Metal,14.571121,20.043974
Ele_LOW_09,bar,Electronic,-34.688255,-25.28341
80s_MED_13,videogame,80s,-35.673233,-8.410796
80s_MED_08,bar,80s,38.37118,23.788862
Ele_MED_19,videogame,Electronic,-6.6863055,42.925716
Met_LOW_14,bar,Metal,-7.143136,36.71345
Met_MED_20,concert,Metal,-7.2473054,36.507366
Jaz_LOW_21,concert,Jazz,1.4273875,-8.902813
Jaz_LOW_19,movie,Jazz,-38.489338,-32.326004
80s_LOW_06,movie,80s,-19.23592,-9.779925
Jaz_MED_07,bar,Jazz,-19.07696,-4.9219112
Jaz_MED_02,videogame,Jazz,-30.706005,3.6537533
Jaz_MED_02,videogame,Jazz,-22.908506,-3.6416862
Jaz_LOW_19,movie,Jazz,-0.0060437284,-1.1523002
Met_LOW_14,bar,Metal,-34.16291,1.6351695
Met_MED_20,concert,Metal,14.604076,24.914217
Ele_MED_19,videogame,Electronic,10.938146,-31.463266
Ele_MED_20,movie,Electronic,8.275167,-36.74883
80s_LOW_06,movie,80s,-15.619653,-2.9460115
Jaz_LOW_21,concert,Jazz,25.321558,8.826573
80s_MED_13,videogame,80s,-34.24898,-28.554258
Ele_LOW_09,bar,Electronic,-9.77451,3.110079
Met_LOW_09,videogame,Metal,-25.326603,33.15684
80s_LOW_02,concert,80s,19.574406,19.470564
Ele_LOW_14,concert,Electronic,-3.9235606,-9.75607
Jaz_MED_07,bar,Jazz,43.50947,11.297553
Jaz_LOW_21,concert,Jazz,42.263836,-3.4668684
Ele_MED_20,movie,Electronic,6.4816275,-39.375652
Ele_LOW_09,bar,Electronic,-11.547164,-38.611374
80s_MED_13,videogame,80s,-8.634274,-22.767965
Met_MED_19,movie,Metal,15.900386,30.619781
80s_MED_08,bar,80s,36.228104,-11.632524
80s_LOW_06,movie,80s,-37.809765,23.413729
Jaz_MED_02,videogame,Jazz,1.8910027,38.79564
Jaz_MED_07,bar,Jazz,6.0738983,-32.58774
80s_LOW_02,concert,80s,5.197687,-25.388447
Met_MED_20,concert,Metal,-49.69432,4.9494963
Ele_LOW_09,bar,Electronic,1.4339291,-38.74328
Jaz_MED_02,videogame,Jazz,0.42809135,10.211782
Ele_MED_19,videogame,Electronic,-33.130074,8.697784
Met_MED_19,movie,Metal,-23.867884,-17.747208
80s_MED_08,bar,80s,11.66872,34.380573
80s_MED_13,videogame,80s,-21.606394,-31.199352
Met_LOW_09,videogame,Metal,-24.60457,11.895984
Jaz_MED_07,bar,Jazz,-8.106189,13.799308
Ele_MED_20,movie,Electronic,14.506504,-20.74385
Met_MED_20,concert,Metal,-33.651024,-0.6569086
80s_LOW_06,movie,80s,-41.523514,20.933878
Jaz_MED_02,videogame,Jazz,7.608988,0.4701276
80s_MED_08,bar,80s,27.365013,6.6836195
80s_LOW_02,concert,80s,-24.705519,-5.7871885
Met_LOW_14,bar,Metal,-48.093513,-14.040055
Ele_LOW_14,concert,Electronic,-30.68823,-25.119844
Ele_MED_20,movie,Electronic,27.41365,-18.588985
80s_LOW_06,movie,80s,-20.084993,-10.794834
Met_MED_20,concert,Metal,8.167391,-5.9882755
Ele_MED_19,videogame,Electronic,1.5252383,-9.037324
Jaz_LOW_19,movie,Jazz,-42.010983,-32.70555
Met_MED_19,movie,Metal,8.403838,-5.969365
Ele_LOW_09,bar,Electronic,13.885348,-6.434067
Jaz_MED_07,bar,Jazz,27.548456,-18.379839
Met_MED_19,movie,Metal,-20.678812,-45.25857
80s_MED_13,videogame,80s,-18.207205,7.124324
Jaz_MED_07,bar,Jazz,22.494678,35.019382
Met_LOW_09,videogame,Metal,-54.200993,-6.950759
Ele_LOW_09,bar,Electronic,19.576399,34.014236
Jaz_LOW_21,concert,Jazz,22.058712,17.413881
80s_LOW_06,movie,80s,23.251858,40.91699
Met_MED_20,concert,Metal,18.121353,-33.52261
80s_MED_08,bar,80s,22.803434,39.68046
Ele_MED_20,movie,Electronic,6.883231,-35.8315
Ele_MED_19,videogame,Electronic,1.7298359,-34.134792
80s_LOW_02,concert,80s,22.417488,42.667156
Ele_LOW_09,bar,Electronic,13.388104,-8.929307
Met_LOW_09,videogame,Metal,7.3138123,-12.224114
Jaz_LOW_19,movie,Jazz,39.73715,21.212595
Met_MED_20,concert,Metal,-15.5112095,13.769497
Ele_MED_19,videogame,Electronic,18.904089,8.111064
Jaz_MED_07,bar,Jazz,-14.68384,17.634272
Met_LOW_14,bar,Metal,-50.198814,-3.69128
Ele_LOW_14,concert,Electronic,-14.994864,17.350935
80s_MED_13,videogame,80s,5.9480004,-10.17529
80s_LOW_06,movie,80s,34.466652,33.502335
80s_MED_08,bar,80s,34.25506,33.256615
80s_LOW_02,concert,80s,30.06062,-18.709616
Ele_MED_20,movie,Electronic,24.086058,-22.486658
Met_MED_19,movie,Metal,-24.635172,13.881012
Ele_MED_19,videogame,Electronic,2.9968526,3.1317267
80s_LOW_06,movie,80s,19.740301,-3.8926816
Jaz_MED_07,bar,Jazz,27.617754,-6.6754856
Jaz_LOW_21,concert,Jazz,-17.055285,-19.202028
Met_LOW_14,bar,Metal,-52.377228,-15.153959
80s_MED_13,videogame,80s,10.728675,-40.276367
80s_MED_08,bar,80s,-11.003076,-10.482462
Met_MED_19,movie,Metal,-41.781204,13.563447
Met_LOW_09,videogame,Metal,6.5757675,-3.3302696
Ele_LOW_14,concert,Electronic,23.134151,28.275095
80s_LOW_02,concert,80s,5.813658,-1.3403549
Ele_LOW_09,bar,Electronic,9.727441,24.379738
80s_LOW_06,movie,80s,5.6685824,2.4628866
Met_LOW_09,videogame,Metal,7.3494534,29.24169
80s_MED_08,bar,80s,-13.34482,-20.548698
Met_MED_20,concert,Metal,6.9444637,28.964424
Jaz_LOW_19,movie,Jazz,-37.286514,9.794988
80s_LOW_02,concert,80s,5.578028,2.7272959
Jaz_MED_07,bar,Jazz,6.2600336,28.54947
Met_LOW_14,bar,Metal,25.191143,20.466963
Ele_MED_19,videogame,Electronic,-23.225475,7.499299
Jaz_MED_02,videogame,Jazz,5.2829504,2.211788
Met_MED_19,movie,Metal,-39.5742,-13.165618
80s_MED_13,videogame,80s,-26.345451,19.738148
80s_MED_08,bar,80s,-18.7655,-21.669065
Ele_MED_19,videogame,Electronic,19.708403,-26.462198
Ele_LOW_09,bar,Electronic,-31.533264,-8.577347
Jaz_LOW_19,movie,Jazz,35.949738,7.5000744
Jaz_MED_07,bar,Jazz,9.037168,-26.863665
Met_LOW_14,bar,Metal,-26.645088,-8.458607
Met_MED_19,movie,Metal,15.286893,22.082754
80s_MED_13,videogame,80s,20.243273,-29.799774
80s_LOW_02,concert,80s,8.74121,-23.103336
Jaz_LOW_21,concert,Jazz,-17.087744,-22.46971
Jaz_MED_02,videogame,Jazz,21.86231,44.509087
80s_LOW_06,movie,80s,-15.583495,-6.664658
Met_MED_20,concert,Metal,34.398075,-5.27943
Met_LOW_09,videogame,Metal,-44.04476,-0.07603687
Ele_LOW_14,concert,Electronic,-29.218637,-35.90873
Met_MED_19,movie,Metal,9.357402,10.503407
Jaz_LOW_21,concert,Jazz,20.835363,3.4988315
Ele_MED_20,movie,Electronic,-31.286333,10.347577
80s_MED_08,bar,80s,-7.1620026,-18.258682
Jaz_MED_02,videogame,Jazz,28.040325,7.314536
Jaz_MED_07,bar,Jazz,27.132223,15.488965
Jaz_LOW_19,movie,Jazz,-25.701878,-0.3447165
Ele_MED_19,videogame,Electronic,-26.156443,25.244362
Met_MED_20,concert,Metal,-37.619507,0.6721278
Met_LOW_09,videogame,Metal,-45.068222,-13.996673
80s_LOW_06,movie,80s,-21.715437,-11.920414
Ele_LOW_14,concert,Electronic,17.691023,33.10258
Ele_LOW_09,bar,Electronic,-14.129962,-48.55162
Met_LOW_14,bar,Metal,40.526436,-4.254405
Met_LOW_09,videogame,Metal,-46.707043,-15.543559
80s_LOW_06,movie,80s,-7.94466,-13.688068
Met_MED_20,concert,Metal,-39.31811,-12.721762
Jaz_LOW_19,movie,Jazz,-21.117098,0.2543551
Jaz_MED_02,videogame,Jazz,9.108313,-29.983698
80s_LOW_02,concert,80s,27.345606,17.387161
80s_MED_13,videogame,80s,-31.59153,-31.00945
Jaz_MED_07,bar,Jazz,30.244118,-16.072489
Met_LOW_09,videogame,Metal,22.805235,19.673004
Jaz_LOW_21,concert,Jazz,-11.887193,-12.533615
80s_MED_13,videogame,80s,32.680176,-1.9400184
80s_MED_08,bar,80s,28.63579,-0.15896825
Ele_LOW_09,bar,Electronic,19.435125,-0.13243677
Ele_MED_20,movie,Electronic,10.823069,-35.847893
Met_MED_19,movie,Metal,12.916216,29.312096
Jaz_MED_02,videogame,Jazz,-12.782853,-12.047264
Ele_MED_19,videogame,Electronic,-44.69904,3.67319
Met_MED_20,concert,Metal,14.078937,29.282425
Jaz_MED_07,bar,Jazz,37.19359,13.846609
Jaz_MED_02,videogame,Jazz,13.953944,-27.772243
80s_LOW_02,concert,80s,-8.557557,21.174475
Met_MED_20,concert,Metal,42.292595,13.338602
Met_LOW_09,videogame,Metal,14.879276,27.70995
Jaz_LOW_21,concert,Jazz,39.94576,27.663506
Met_MED_19,movie,Metal,-48.662045,-8.92046
Jaz_MED_07,bar,Jazz,42.324192,12.999358
80s_MED_13,videogame,80s,20.532322,-29.655996
Ele_LOW_14,concert,Electronic,-40.615547,-15.060439
Ele_LOW_09,bar,Electronic,-17.513676,-46.060696
80s_LOW_06,movie,80s,-40.259315,16.769907
Jaz_LOW_19,movie,Jazz,27.017828,33.925373
Met_LOW_14,bar,Metal,-41.36713,-22.857483
80s_MED_08,bar,80s,-20.985197,-9.809228
80s_LOW_02,concert,80s,19.994772,-25.72201
80s_MED_13,videogame,80s,-10.307603,9.571857
Met_LOW_09,videogame,Metal,-45.338844,-9.0037985
Ele_LOW_14,concert,Electronic,33.205647,30.960707
Met_MED_20,concert,Metal,-49.611633,-8.76504
80s_MED_08,bar,80s,35.395325,-2.704318
80s_LOW_06,movie,80s,-24.114676,-18.752893
Jaz_LOW_19,movie,Jazz,27.762583,35.702133
Met_LOW_14,bar,Metal,-47.571682,-8.052714
Met_MED_19,movie,Metal,-49.89353,-9.316664
Jaz_MED_07,bar,Jazz,-9.312767,20.68732
Jaz_LOW_21,concert,Jazz,32.2841,32.76698
Ele_MED_20,movie,Electronic,34.662262,-3.5877879
Jaz_MED_02,videogame,Jazz,-12.243796,10.851215
Met_LOW_09,videogame,Metal,-38.17592,-8.445616
Ele_MED_20,movie,Electronic,-29.43417,8.842381
Ele_MED_19,videogame,Electronic,-37.73647,14.755744
Jaz_MED_07,bar,Jazz,31.617947,13.988673
Ele_LOW_14,concert,Electronic,19.783611,26.590761
Jaz_MED_02,videogame,Jazz,-45.65186,-18.90559
Jaz_LOW_21,concert,Jazz,-15.335981,35.229053
Ele_LOW_09,bar,Electronic,33.54581,15.354211
80s_LOW_06,movie,80s,-36.888283,18.571104
80s_MED_08,bar,80s,33.229324,11.219098
80s_LOW_02,concert,80s,13.757149,32.45053
Met_MED_20,concert,Metal,6.07781,21.425974
Met_LOW_14,bar,Metal,33.744884,11.645167
Jaz_LOW_19,movie,Jazz,-39.42656,-29.060621
80s_MED_13,videogame,80s,-30.938108,-2.788673
Met_LOW_14,bar,Metal,-33.857063,-5.363794
Ele_MED_20,movie,Electronic,4.9537063,-42.431225
80s_LOW_02,concert,80s,25.788616,12.1442795
Met_MED_20,concert,Metal,-30.442457,-17.76677
Jaz_LOW_19,movie,Jazz,-39.005585,-34.169437
Met_MED_19,movie,Metal,-35.242756,-4.8232384
Ele_LOW_09,bar,Electronic,-14.332638,3.3528168
Ele_MED_19,videogame,Electronic,-18.731901,-30.56752
Met_LOW_09,videogame,Metal,-50.079655,-12.472894
80s_MED_08,bar,80s,-20.531242,14.595081
Jaz_MED_02,videogame,Jazz,-9.364177,-29.689049
80s_MED_13,videogame,80s,-22.6656,-30.950108
Ele_LOW_14,concert,Electronic,21.685387,6.1691093
Jaz_LOW_19,movie,Jazz,-28.412525,1.2436574
80s_MED_08,bar,80s,17.097553,9.784986
Jaz_LOW_21,concert,Jazz,-28.352491,3.6950972
Ele_MED_19,videogame,Electronic,-45.613247,1.2293315
Met_LOW_09,videogame,Metal,-12.463749,27.234812
Jaz_MED_07,bar,Jazz,-14.249306,26.7324
Met_MED_20,concert,Metal,-30.265099,-17.668531
Met_LOW_14,bar,Metal,-11.527269,-20.032988
Ele_LOW_09,bar,Electronic,-52.809883,-10.882702
80s_LOW_06,movie,80s,-13.823348,17.895237
Met_MED_19,movie,Metal,-29.98119,-18.013094
Jaz_MED_02,videogame,Jazz,25.326708,-3.3534336
Ele_MED_20,movie,Electronic,19.080498,-21.834211
Met_MED_19,movie,Metal,10.8706045,-3.8298883
Jaz_MED_07,bar,Jazz,28.79817,-11.453128
80s_MED_08,bar,80s,37.15187,-1.297274
Ele_MED_19,videogame,Electronic,-45.12801,-23.724619
Ele_LOW_09,bar,Electronic,-19.36217,-41.22606
80s_LOW_06,movie,80s,20.133953,-38.338894
Jaz_LOW_21,concert,Jazz,12.332808,26.663645
Met_LOW_09,videogame,Metal,-40.742065,-13.385618
Jaz_MED_02,videogame,Jazz,32.219223,6.6454816
Jaz_LOW_19,movie,Jazz,31.327438,30.09249
Ele_LOW_14,concert,Electronic,-39.40613,-25.603737
80s_LOW_02,concert,80s,0.7240869,43.93356
Met_MED_20,concert,Metal,-30.52198,-23.080786
80s_MED_13,videogame,80s,-4.3908415,-10.969327
Met_LOW_14,bar,Metal,-33.74079,-5.3483047
Met_LOW_14,bar,Metal,33.43869,35.543617
Met_MED_19,movie,Metal,36.86053,22.003065
80s_MED_13,videogame,80s,24.448532,-26.270592
Jaz_MED_02,videogame,Jazz,-22.043032,-2.388717
Ele_LOW_14,concert,Electronic,-4.0966177,-18.996931
Jaz_LOW_21,concert,Jazz,51.64967,-0.99160194
80s_LOW_02,concert,80s,-19.956871,-1.4760554
Jaz_MED_07,bar,Jazz,30.913813,4.001338
Met_MED_20,concert,Metal,11.739476,5.003502
80s_LOW_06,movie,80s,-15.591039,-6.8451614
80s_MED_08,bar,80s,-15.51763,-8.963448
Met_LOW_09,videogame,Metal,-44.8252,-6.4080296
Ele_LOW_09,bar,Electronic,-42.17126,-18.10272
Met_LOW_09,videogame,Metal,-48.889423,-16.474186
Jaz_LOW_19,movie,Jazz,-27.25785,-15.065007
Jaz_MED_07,bar,Jazz,-24.234701,-10.399603
80s_LOW_02,concert,80s,0.86133236,31.03433
Ele_LOW_09,bar,Electronic,-18.845856,-42.078533
Jaz_MED_02,videogame,Jazz,-35.109226,-8.148878
Met_MED_19,movie,Metal,-31.2082,-25.414093
80s_MED_13,videogame,80s,1.1914829,30.943619
Ele_LOW_14,concert,Electronic,-29.340155,-34.88067
Met_LOW_14,bar,Metal,-18.676817,1.2136247
80s_MED_08,bar,80s,-16.265808,-25.086756
Met_MED_20,concert,Metal,-41.406975,-10.188648
80s_LOW_06,movie,80s,-13.153618,-17.927017
Ele_MED_20,movie,Electronic,-26.444815,-25.80126
Jaz_LOW_21,concert,Jazz,0.058235474,29.153902
Ele_MED_19,videogame,Electronic,-2.0999806,6.1816783
Jaz_MED_02,videogame,Jazz,30.985573,-18.333902
80s_MED_13,videogame,80s,-4.4211197,-12.398517
Ele_LOW_09,bar,Electronic,4.796606,-6.3012366
Met_LOW_14,bar,Metal,8.771598,6.4090877
Met_MED_20,concert,Metal,7.9719296,-4.4008293
Jaz_LOW_21,concert,Jazz,-15.1054,-12.913431
Met_LOW_09,videogame,Metal,-1.073992,-6.907333
Jaz_MED_07,bar,Jazz,30.802797,-18.779413
Ele_LOW_14,concert,Electronic,3.599513,-8.280222
Jaz_LOW_19,movie,Jazz,7.7271895,-8.88086
Met_MED_19,movie,Metal,7.911368,-10.535085
Ele_LOW_14,concert,Electronic,-22.152336,20.141151
Met_MED_19,movie,Metal,9.547039,3.7478435
Ele_MED_19,videogame,Electronic,18.919155,-26.628237
Jaz_LOW_19,movie,Jazz,-31.410467,-12.46115
Jaz_MED_07,bar,Jazz,-26.471563,1.1262733
Met_LOW_09,videogame,Metal,-10.998777,-5.815502
Met_LOW_14,bar,Metal,-41.84246,-28.953285
Jaz_MED_02,videogame,Jazz,26.49558,3.4573972
Met_MED_20,concert,Metal,3.0605028,28.91566
Jaz_LOW_21,concert,Jazz,-13.882042,31.428253
Met_LOW_09,videogame,Metal,12.249846,39.24087
Met_MED_19,movie,Metal,-42.086903,0.64923155
Jaz_MED_02,videogame,Jazz,0.5793985,6.94175
Met_MED_20,concert,Metal,12.322937,33.459988
80s_MED_13,videogame,80s,-20.05012,19.331278
Ele_LOW_14,concert,Electronic,28.711758,17.815289
Jaz_LOW_19,movie,Jazz,12.658618,28.49
80s_MED_08,bar,80s,41.817284,8.582879
Jaz_MED_07,bar,Jazz,45.643642,2.7134488
Met_LOW_14,bar,Metal,2.032838,21.240211
Jaz_MED_07,bar,Jazz,25.255392,4.6654053
80s_LOW_02,concert,80s,19.818869,21.073406
Jaz_LOW_21,concert,Jazz,21.221325,23.516644
Jaz_LOW_19,movie,Jazz,-22.935246,-17.838802
Ele_MED_20,movie,Electronic,27.817415,-22.448072
Met_MED_20,concert,Metal,-25.085567,-14.509793
Met_LOW_09,videogame,Metal,6.2383447,21.01815
80s_LOW_06,movie,80s,-16.909447,-11.560825
Ele_MED_19,videogame,Electronic,22.005482,-11.898872
Jaz_MED_02,videogame,Jazz,29.923542,33.084885
80s_MED_13,videogame,80s,-18.493547,-22.780478
Met_MED_19,movie,Metal,-2.1265275,-0.51743275
Ele_MED_20,movie,Electronic,7.2886,9.232835
Ele_LOW_14,concert,Electronic,10.373181,8.013493
Jaz_LOW_21,concert,Jazz,39.50313,-20.52238
80s_LOW_06,movie,80s,44.390152,2.3961568
Met_MED_20,concert,Metal,-7.7635803,7.168928
80s_LOW_02,concert,80s,-11.396585,18.494408
Jaz_LOW_19,movie,Jazz,43.94606,2.020456
80s_MED_08,bar,80s,7.2160335,9.198139
Met_LOW_14,bar,Metal,41.483814,22.525816
Met_LOW_09,videogame,Metal,-7.616195,16.899979
Met_MED_19,movie,Metal,-12.337447,20.975492
Met_LOW_09,videogame,Metal,-32.717407,22.631826
Ele_LOW_09,bar,Electronic,27.196596,30.779633
80s_MED_13,videogame,80s,23.194422,-6.555293
Ele_MED_20,movie,Electronic,-17.85305,0.9536928
80s_LOW_06,movie,80s,-6.404702,15.770671
Met_MED_19,movie,Metal,-17.759516,-45.329407
Jaz_LOW_21,concert,Jazz,28.78917,42.834682
80s_LOW_02,concert,80s,37.613777,15.482331
Jaz_MED_02,videogame,Jazz,45.606754,13.659756
Ele_MED_19,videogame,Electronic,14.468957,-1.5179404
Met_MED_20,concert,Metal,4.83479,-0.28179535
Ele_LOW_14,concert,Electronic,37.648357,15.758729
Jaz_LOW_19,movie,Jazz,0.031364072,36.66699
Met_LOW_14,bar,Metal,47.86153,4.7625136
80s_MED_08,bar,80s,22.362825,44.602486
Jaz_MED_07,bar,Jazz,36.183273,27.796257
Jaz_LOW_21,concert,Jazz,-12.282225,-13.455988
Met_LOW_14,bar,Metal,-49.267563,-14.979467
Ele_MED_20,movie,Electronic,34.7535,-21.67376
Jaz_MED_02,videogame,Jazz,-5.808409,43.12271
Ele_LOW_14,concert,Electronic,-41.344875,-29.927505
Ele_MED_19,videogame,Electronic,-9.749482,33.90773
Jaz_LOW_19,movie,Jazz,-26.204891,2.3796544
80s_LOW_02,concert,80s,12.252849,-24.633202
Jaz_MED_07,bar,Jazz,8.56156,-9.455428
Ele_LOW_09,bar,Electronic,-35.93107,-18.213905
80s_MED_13,videogame,80s,-26.158396,-24.648357
Met_LOW_09,videogame,Metal,-48.016113,-12.818653
Jaz_LOW_21,concert,Jazz,-5.818881,-27.71395
Jaz_MED_02,videogame,Jazz,-20.836735,12.194054
80s_MED_13,videogame,80s,-33.782043,-29.610722
Ele_MED_19,videogame,Electronic,-30.2957,9.435201
80s_LOW_02,concert,80s,31.242855,-21.20731
Met_MED_20,concert,Metal,0.4030537,14.171493
Jaz_LOW_19,movie,Jazz,-2.3988702,-7.3301125
Jaz_MED_07,bar,Jazz,30.61299,-22.476143
80s_LOW_06,movie,80s,-21.608667,-9.484223
Jaz_MED_02,videogame,Jazz,-9.63784,-29.641844
Met_LOW_09,videogame,Metal,-6.022578,12.940074
80s_LOW_06,movie,80s,-16.638737,-9.712171
Jaz_LOW_21,concert,Jazz,-22.943947,20.175268
Met_LOW_14,bar,Metal,-2.2609565,11.628253
Met_MED_19,movie,Metal,-23.567904,20.03963
80s_MED_13,videogame,80s,-40.102077,-28.385267
Ele_LOW_14,concert,Electronic,-35.321075,-30.615734
Ele_LOW_09,bar,Electronic,-21.299423,15.906624
Met_MED_20,concert,Metal,3.9921522,-4.7353864
Ele_MED_20,movie,Electronic,-4.4217596,46.39965
Ele_MED_19,videogame,Electronic,-36.87602,14.1832485
Ele_MED_20,movie,Electronic,31.051968,-23.591862
80s_LOW_02,concert,80s,32.43248,-22.608616
Jaz_LOW_21,concert,Jazz,7.037638,9.910922
80s_MED_13,videogame,80s,13.338436,-15.623437
Ele_LOW_09,bar,Electronic,23.503271,16.335987
Jaz_MED_02,videogame,Jazz,-10.334005,16.050303
Met_LOW_14,bar,Metal,7.7571664,12.39126
Jaz_LOW_19,movie,Jazz,-20.736778,23.225527
Ele_LOW_14,concert,Electronic,-19.18199,-17.507261
80s_MED_08,bar,80s,-6.2588615,6.7294164
Jaz_MED_07,bar,Jazz,-10.752747,6.981477
Ele_MED_19,videogame,Electronic,7.3206167,10.194364
Met_MED_19,movie,Metal,32.431282,-22.608965
80s_MED_13,videogame,80s,-48.894444,-23.274223
Ele_MED_19,videogame,Electronic,-16.677898,-29.945532
80s_LOW_02,concert,80s,19.357868,24.427132
Ele_LOW_09,bar,Electronic,24.198076,20.972918
Met_LOW_14,bar,Metal,28.814333,28.612673
Ele_LOW_14,concert,Electronic,26.846497,18.764826
Jaz_MED_07,bar,Jazz,47.170486,-1.0436052
Jaz_LOW_21,concert,Jazz,34.528778,-8.097249
80s_LOW_06,movie,80s,33.34443,17.815025
Met_MED_19,movie,Metal,-16.505817,-41.38625
Jaz_LOW_19,movie,Jazz,8.704212,-34.805645
Ele_MED_19,videogame,Electronic,5.131117,5.7946296
Met_LOW_09,videogame,Metal,3.4305186,21.282581
Ele_MED_20,movie,Electronic,23.787941,-34.29216
80s_MED_13,videogame,80s,-20.70774,-14.615217
Jaz_MED_02,videogame,Jazz,47.222343,-0.7029242
Met_MED_20,concert,Metal,12.249757,39.248455
Ele_MED_19,videogame,Electronic,-17.152546,7.045797
Jaz_LOW_21,concert,Jazz,-14.069022,-25.430162
Ele_MED_20,movie,Electronic,40.859104,2.5472562
Met_LOW_09,videogame,Metal,-44.836624,-4.9346495
80s_MED_08,bar,80s,-4.540969,28.912054
Jaz_MED_02,videogame,Jazz,4.580796,-35.37219
Met_MED_19,movie,Metal,35.6363,-2.3335059
80s_LOW_06,movie,80s,17.41945,0.8204806
Met_LOW_14,bar,Metal,35.866318,17.125534
80s_MED_13,videogame,80s,30.955748,-19.26296
Ele_MED_19,videogame,Electronic,9.496571,-35.1919
Ele_LOW_14,concert,Electronic,20.000767,21.908926
Met_LOW_14,bar,Metal,19.466372,14.920426
Met_LOW_09,videogame,Metal,-42.583347,15.543992
80s_LOW_02,concert,80s,18.01229,20.588823
Jaz_LOW_21,concert,Jazz,13.23865,28.028448
Ele_MED_20,movie,Electronic,33.250317,-14.738014
80s_MED_08,bar,80s,30.11405,35.74142
Met_MED_20,concert,Metal,20.756165,20.953302
Jaz_LOW_19,movie,Jazz,-38.707783,-32.830135
Jaz_MED_07,bar,Jazz,13.744125,14.644601
80s_MED_13,videogame,80s,21.498566,-5.0179596
80s_LOW_06,movie,80s,-40.295994,16.23126
Ele_MED_20,movie,Electronic,19.543747,-4.1128974
Jaz_LOW_21,concert,Jazz,-2.9119098,6.9669876
Met_LOW_09,videogame,Metal,-32.33223,-7.682853
Met_MED_20,concert,Metal,12.569076,24.614416
80s_LOW_06,movie,80s,2.4301374,25.279034
Ele_MED_19,videogame,Electronic,-36.90452,-3.2228389
Met_MED_19,movie,Metal,12.699962,-6.4816794
Jaz_MED_02,videogame,Jazz,36.58615,38.251747
80s_LOW_02,concert,80s,11.930122,21.051903
80s_MED_08,bar,80s,-5.8045216,-11.37981
Ele_LOW_09,bar,Electronic,25.181343,14.6937475
Jaz_LOW_19,movie,Jazz,32.801334,23.932373
Jaz_MED_07,bar,Jazz,40.202286,-10.604494
Ele_LOW_14,concert,Electronic,28.731361,24.034555
Jaz_LOW_19,movie,Jazz,20.821861,-37.995235
Met_MED_19,movie,Metal,-20.318958,-13.749833
80s_MED_08,bar,80s,22.241129,-36.09126
Ele_MED_19,videogame,Electronic,13.660278,35.092216
Met_LOW_14,bar,Metal,-44.994213,-1.759362
80s_LOW_06,movie,80s,-2.1809063,-13.28534
Jaz_LOW_21,concert,Jazz,28.250105,42.44073
Met_MED_20,concert,Metal,-6.2397413,-36.889835
80s_LOW_02,concert,80s,21.975893,39.46685
Jaz_MED_02,videogame,Jazz,22.31788,24.794382
Ele_MED_20,movie,Electronic,-11.00846,-20.02298
Met_LOW_09,videogame,Metal,-26.566923,27.888792
